-- UC_REL_Worship_AmunRa
-- Author: JNR
--------------------------------------------------------------

-- Building_YieldChanges
--------------------------------------------------------------
UPDATE Buildings SET Description='LOC_BUILDING_TEMPLE_AMUN_DESCRIPTION_UC_JNR'	WHERE BuildingType='BUILDING_TEMPLE_AMUN';
--------------------------------------------------------------

-- Building_GreatWorks
-------------------------------------
INSERT OR IGNORE INTO Building_GreatWorks
		(BuildingType,				GreatWorkSlotType,		NumSlots)
VALUES	('BUILDING_TEMPLE_AMUN',	'GREATWORKSLOT_RELIC',	1);
-------------------------------------

-- MutuallyExclusiveBuildings
--------------------------------------------------------------
INSERT OR IGNORE INTO MutuallyExclusiveBuildings
		(Building,				MutuallyExclusiveBuilding)
VALUES	('BUILDING_OBELISK',		'BUILDING_JNR_CANDI'),
		('BUILDING_JNR_CANDI',		'BUILDING_OBELISK'),
		('BUILDING_OBELISK',		'BUILDING_JNR_DAOGUAN'),
		('BUILDING_JNR_DAOGUAN',	'BUILDING_OBELISK'),
		('BUILDING_OBELISK',		'BUILDING_JNR_MBARI'),
		('BUILDING_JNR_MBARI'	,	'BUILDING_OBELISK'),
		('BUILDING_OBELISK',		'BUILDING_JNR_JINJA'),
		('BUILDING_JNR_JINJA',		'BUILDING_OBELISK'),
		('BUILDING_OBELISK',		'BUILDING_JNR_KHALWAT'),
		('BUILDING_JNR_KHALWAT',	'BUILDING_OBELISK'),
		('BUILDING_OBELISK',		'BUILDING_JNR_MANDIR'),
		('BUILDING_JNR_MANDIR',		'BUILDING_OBELISK'),
		('BUILDING_OBELISK',		'BUILDING_JNR_PERIPTEROS'),
		('BUILDING_JNR_PERIPTEROS',	'BUILDING_OBELISK'),
		('BUILDING_OBELISK',		'BUILDING_JNR_SOBOR'),
		('BUILDING_JNR_SOBOR',		'BUILDING_OBELISK'),
		('BUILDING_OBELISK',		'BUILDING_JNR_TZACUALLI'),
		('BUILDING_JNR_TZACUALLI',	'BUILDING_OBELISK');
--------------------------------------------------------------

-- BuildingModifiers
--------------------------------------------------------------
DELETE FROM BuildingModifiers WHERE ModifierId='JNR_WORSHIP_FAITH_PERCENTAGE' AND BuildingType='BUILDING_TEMPLE_AMUN';
--------------------------------------------------------------

-- Modifiers
--------------------------------------------------------------
INSERT OR IGNORE INTO Modifiers
		(ModifierId,												ModifierType,												SubjectRequirementSetId)
VALUES	('POK_JNR_WORSHIP_BONUS_FOOD_TEMPLE_AMUN',					'MODIFIER_ALL_CITIES_ATTACH_MODIFIER',						'CITY_FOLLOWS_RELIGION_REQUIREMENTS'),
		('POK_JNR_WORSHIP_BONUS_FOOD_TEMPLE_AMUN_MODIFIER',			'MODIFIER_BUILDING_YIELD_CHANGE',							NULL),
		('POK_JNR_WORSHIP_BONUS_PRODUCTION_TEMPLE_AMUN',			'MODIFIER_ALL_CITIES_ATTACH_MODIFIER',						'CITY_FOLLOWS_RELIGION_REQUIREMENTS'),
		('POK_JNR_WORSHIP_BONUS_PRODUCTION_TEMPLE_AMUN_MODIFIER',	'MODIFIER_BUILDING_YIELD_CHANGE',							NULL),
		('POK_JNR_WORSHIP_BONUS_GOLD_TEMPLE_AMUN',					'MODIFIER_ALL_CITIES_ATTACH_MODIFIER',						'CITY_FOLLOWS_RELIGION_REQUIREMENTS'),
		('POK_JNR_WORSHIP_BONUS_GOLD_TEMPLE_AMUN_MODIFIER',			'MODIFIER_BUILDING_YIELD_CHANGE',							NULL),
		('POK_JNR_WORSHIP_BONUS_SCIENCE_TEMPLE_AMUN',				'MODIFIER_ALL_CITIES_ATTACH_MODIFIER',						'CITY_FOLLOWS_RELIGION_REQUIREMENTS'),
		('POK_JNR_WORSHIP_BONUS_SCIENCE_TEMPLE_AMUN_MODIFIER',		'MODIFIER_BUILDING_YIELD_CHANGE',							NULL),
		('POK_JNR_WORSHIP_BONUS_CULTURE_TEMPLE_AMUN',				'MODIFIER_ALL_CITIES_ATTACH_MODIFIER',						'CITY_FOLLOWS_RELIGION_REQUIREMENTS'),
		('POK_JNR_WORSHIP_BONUS_CULTURE_TEMPLE_AMUN_MODIFIER',		'MODIFIER_BUILDING_YIELD_CHANGE',							NULL),
		('POK_JNR_WORSHIP_BONUS_FAIH_TEMPLE_AMUN',					'MODIFIER_ALL_CITIES_ATTACH_MODIFIER',						'CITY_FOLLOWS_RELIGION_REQUIREMENTS'),
		('POK_JNR_WORSHIP_BONUS_FAIH_TEMPLE_AMUN_MODIFIER',			'MODIFIER_ALL_CITIES_ATTACH_MODIFIER',						NULL),

		('POK_JNR_WORSHIP_BONUS_HOUSING_TEMPLE_AMUN',				'MODIFIER_ALL_CITIES_ATTACH_MODIFIER',						'POK_CITY_FOLLOWS_RELIGION_HAS_TEMPLE_AMUN'),
		('POK_JNR_WORSHIP_BONUS_HOUSING_TEMPLE_AMUN_MODIFIER',		'MODIFIER_SINGLE_CITY_ADJUST_BUILDING_HOUSING',				NULL),
		('POK_JNR_WORSHIP_BONUS_AMENITY_TEMPLE_AMUN',				'MODIFIER_ALL_CITIES_ATTACH_MODIFIER',						'POK_CITY_FOLLOWS_RELIGION_HAS_TEMPLE_AMUN'),
		('POK_JNR_WORSHIP_BONUS_AMENITY_TEMPLE_AMUN_MODIFIER',		'MODIFIER_SINGLE_CITY_ADJUST_CITY_AMENITIES_FROM_RELIGION',	NULL),
		('POK_JNR_WORSHIP_BONUS_FAVOR_TEMPLE_AMUN',					'MODIFIER_ALL_CITIES_ATTACH_MODIFIER',						'POK_CITY_FOLLOWS_RELIGION_HAS_TEMPLE_AMUN'),
		('POK_JNR_WORSHIP_BONUS_FAVOR_TEMPLE_AMUN_MODIFIER',		'MODIFIER_PLAYER_ADJUST_EXTRA_FAVOR_PER_TURN',				NULL);
--------------------------------------------------------------

-- ModifierArguments
--------------------------------------------------------------
INSERT OR IGNORE INTO ModifierArguments
		(ModifierId,												Name,			Value)
VALUES	('POK_JNR_WORSHIP_BONUS_FOOD_TEMPLE_AMUN',					'ModifierId',	'POK_JNR_WORSHIP_BONUS_FOOD_TEMPLE_AMUN_MODIFIER'),
		('POK_JNR_WORSHIP_BONUS_FOOD_TEMPLE_AMUN_MODIFIER',			'BuildingType',	'BUILDING_TEMPLE_AMUN'),
		('POK_JNR_WORSHIP_BONUS_FOOD_TEMPLE_AMUN_MODIFIER',			'YieldType',	'YIELD_FOOD'),
		('POK_JNR_WORSHIP_BONUS_FOOD_TEMPLE_AMUN_MODIFIER',			'Amount',		2),
		('POK_JNR_WORSHIP_BONUS_PRODUCTION_TEMPLE_AMUN',			'ModifierId',	'POK_JNR_WORSHIP_BONUS_PRODUCTION_TEMPLE_AMUN_MODIFIER'),
		('POK_JNR_WORSHIP_BONUS_PRODUCTION_TEMPLE_AMUN_MODIFIER',	'BuildingType',	'BUILDING_TEMPLE_AMUN'),
		('POK_JNR_WORSHIP_BONUS_PRODUCTION_TEMPLE_AMUN_MODIFIER',	'YieldType',	'YIELD_PRODUCTION'),
		('POK_JNR_WORSHIP_BONUS_PRODUCTION_TEMPLE_AMUN_MODIFIER',	'Amount',		2),
		('POK_JNR_WORSHIP_BONUS_GOLD_TEMPLE_AMUN',					'ModifierId',	'POK_JNR_WORSHIP_BONUS_GOLD_TEMPLE_AMUN_MODIFIER'),
		('POK_JNR_WORSHIP_BONUS_GOLD_TEMPLE_AMUN_MODIFIER',			'BuildingType',	'BUILDING_TEMPLE_AMUN'),
		('POK_JNR_WORSHIP_BONUS_GOLD_TEMPLE_AMUN_MODIFIER',			'YieldType',	'YIELD_GOLD'),
		('POK_JNR_WORSHIP_BONUS_GOLD_TEMPLE_AMUN_MODIFIER',			'Amount',		4),
		('POK_JNR_WORSHIP_BONUS_SCIENCE_TEMPLE_AMUN',				'ModifierId',	'POK_JNR_WORSHIP_BONUS_SCIENCE_TEMPLE_AMUN_MODIFIER'),
		('POK_JNR_WORSHIP_BONUS_SCIENCE_TEMPLE_AMUN_MODIFIER',		'BuildingType',	'BUILDING_TEMPLE_AMUN'),
		('POK_JNR_WORSHIP_BONUS_SCIENCE_TEMPLE_AMUN_MODIFIER',		'YieldType',	'YIELD_SCIENCE'),
		('POK_JNR_WORSHIP_BONUS_SCIENCE_TEMPLE_AMUN_MODIFIER',		'Amount',		2),
		('POK_JNR_WORSHIP_BONUS_CULTURE_TEMPLE_AMUN',				'ModifierId',	'POK_GURDWARA_BONUS_TEMPLE_AMUN_MODIFIER'),
		('POK_JNR_WORSHIP_BONUS_CULTURE_TEMPLE_AMUN_MODIFIER',		'BuildingType',	'BUILDING_TEMPLE_AMUN'),
		('POK_JNR_WORSHIP_BONUS_CULTURE_TEMPLE_AMUN_MODIFIER',		'YieldType',	'YIELD_CULTURE'),
		('POK_JNR_WORSHIP_BONUS_CULTURE_TEMPLE_AMUN_MODIFIER',		'Amount',		2),
		('POK_JNR_WORSHIP_BONUS_FAIH_TEMPLE_AMUN',					'ModifierId',	'POK_GURDWARA_BONUS_TEMPLE_AMUN_MODIFIER'),
		('POK_JNR_WORSHIP_BONUS_FAIH_TEMPLE_AMUN_MODIFIER',			'BuildingType',	'BUILDING_TEMPLE_AMUN'),
		('POK_JNR_WORSHIP_BONUS_FAIH_TEMPLE_AMUN_MODIFIER',			'YieldType',	'YIELD_FAITH'),
		('POK_JNR_WORSHIP_BONUS_FAIH_TEMPLE_AMUN_MODIFIER',			'Amount',		2),

		('POK_JNR_WORSHIP_BONUS_HOUSING_TEMPLE_AMUN',				'ModifierId',	'POK_JNR_WORSHIP_BONUS_HOUSING_TEMPLE_AMUN_MODIFIER'),
		('POK_JNR_WORSHIP_BONUS_HOUSING_TEMPLE_AMUN_MODIFIER',		'Amount',		1),
		('POK_JNR_WORSHIP_BONUS_AMENITY_TEMPLE_AMUN',				'ModifierId',	'POK_JNR_WORSHIP_BONUS_AMENITY_TEMPLE_AMUN_MODIFIER'),
		('POK_JNR_WORSHIP_BONUS_AMENITY_TEMPLE_AMUN_MODIFIER',		'Amount',		1),
		('POK_JNR_WORSHIP_BONUS_FAVOR_TEMPLE_AMUN',					'ModifierId',	'POK_JNR_WORSHIP_BONUS_FAVOR_TEMPLE_AMUN_MODIFIER'),
		('POK_JNR_WORSHIP_BONUS_FAVOR_TEMPLE_AMUN_MODIFIER',		'Amount',		1);
--------------------------------------------------------------

-- BeliefModifiers
--------------------------------------------------------------
DELETE FROM BeliefModifiers WHERE ModifierId='POK_CATHEDRAL_BONUS_TEMPLE_AMUN';
DELETE FROM BeliefModifiers WHERE ModifierId='POK_GURDWARA_BONUS_TEMPLE_AMUN';
DELETE FROM BeliefModifiers WHERE ModifierId='POK_MEETING_HOUSE_BONUS_TEMPLE_AMUN';
DELETE FROM BeliefModifiers WHERE ModifierId='POK_MOSQUE_BONUS_TEMPLE_AMUN';
DELETE FROM BeliefModifiers WHERE ModifierId='POK_PAGODA_BONUS_TEMPLE_AMUN';
DELETE FROM BeliefModifiers WHERE ModifierId='POK_SYNAGOGUE_BONUS_TEMPLE_AMUN';
DELETE FROM BeliefModifiers WHERE ModifierId='POK_WAT_BONUS_TEMPLE_AMUN';
DELETE FROM BeliefModifiers WHERE ModifierId='POK_STUPA_BONUS_TEMPLE_AMUN';
DELETE FROM BeliefModifiers WHERE ModifierId='POK_DAR_E_MEHR_CLASSICAL_BONUS_TEMPLE_AMUN';
DELETE FROM BeliefModifiers WHERE ModifierId='POK_DAR_E_MEHR_MEDIEVAL_BONUS_TEMPLE_AMUN';
DELETE FROM BeliefModifiers WHERE ModifierId='POK_DAR_E_MEHR_RENAISSANCE_BONUS_TEMPLE_AMUN';
DELETE FROM BeliefModifiers WHERE ModifierId='POK_DAR_E_MEHR_INDUSTRIAL_BONUS_TEMPLE_AMUN';
DELETE FROM BeliefModifiers WHERE ModifierId='POK_DAR_E_MEHR_MODERN_BONUS_TEMPLE_AMUN';
DELETE FROM BeliefModifiers WHERE ModifierId='POK_DAR_E_MEHR_ATOMIC_BONUS_TEMPLE_AMUN';
DELETE FROM BeliefModifiers WHERE ModifierId='POK_DAR_E_MEHR_INFORMATION_BONUS_TEMPLE_AMUN';

INSERT OR IGNORE INTO BeliefModifiers
		(BeliefType,				ModifierId)
VALUES	('BELIEF_PAGODA',			'POK_JNR_WORSHIP_BONUS_FAVOR_TEMPLE_AMUN'),
		('BELIEF_JNR_PERIPTEROS',	'POK_JNR_WORSHIP_BONUS_FAVOR_TEMPLE_AMUN'),
		('BELIEF_JNR_KHALWAT',		'POK_JNR_WORSHIP_BONUS_AMENITY_TEMPLE_AMUN'),
		('BELIEF_STUPA',			'POK_JNR_WORSHIP_BONUS_AMENITY_TEMPLE_AMUN'),
		('BELIEF_GURDWARA',			'POK_JNR_WORSHIP_BONUS_HOUSING_TEMPLE_AMUN'),
		('BELIEF_JNR_MBARI',		'POK_JNR_WORSHIP_BONUS_HOUSING_TEMPLE_AMUN'),
		('BELIEF_GURDWARA',			'POK_JNR_WORSHIP_BONUS_FOOD_TEMPLE_AMUN'),
		('BELIEF_JNR_MBARI',		'POK_JNR_WORSHIP_BONUS_FOOD_TEMPLE_AMUN'),
		('BELIEF_MEETING_HOUSE',	'POK_JNR_WORSHIP_BONUS_PRODUCTION_TEMPLE_AMUN'),
		('BELIEF_JNR_TZACUALLI',	'POK_JNR_WORSHIP_BONUS_PRODUCTION_TEMPLE_AMUN'),
		('BELIEF_JNR_CANDI',		'POK_JNR_WORSHIP_BONUS_GOLD_TEMPLE_AMUN'),
		('BELIEF_JNR_SOBOR',		'POK_JNR_WORSHIP_BONUS_GOLD_TEMPLE_AMUN'),
		('BELIEF_MOSQUE',			'POK_JNR_WORSHIP_BONUS_SCIENCE_TEMPLE_AMUN'),
		('BELIEF_WAT',				'POK_JNR_WORSHIP_BONUS_SCIENCE_TEMPLE_AMUN'),
		('BELIEF_CATHEDRAL',		'POK_JNR_WORSHIP_BONUS_CULTURE_TEMPLE_AMUN'),
		('BELIEF_JNR_JINJA',		'POK_JNR_WORSHIP_BONUS_CULTURE_TEMPLE_AMUN'),
		('BELIEF_JNR_DAOGUAN',		'POK_JNR_WORSHIP_BONUS_FAIH_TEMPLE_AMUN'),
		('BELIEF_DAR_E_MEHR',		'POK_JNR_WORSHIP_BONUS_FAIH_TEMPLE_AMUN'),
		('BELIEF_JNR_MANDIR',		'POK_JNR_WORSHIP_BONUS_FAIH_TEMPLE_AMUN'),
		('BELIEF_SYNAGOGUE',		'POK_JNR_WORSHIP_BONUS_FAIH_TEMPLE_AMUN');
--------------------------------------------------------------