-- UC_CMP_CSE_Ethiopia
-- Author: JNR
--------------------------------------------------------------

-- Modifiers
--------------------------------------------------------------
INSERT INTO Modifiers 
		(ModifierId,										ModifierType,											SubjectRequirementSetId			)
VALUES	('MODIFIER_CSE_SCIENTIFIC_INSTITUTE_SCIENCE',		'MODIFIER_ALL_PLAYERS_ATTACH_MODIFIER',					'PLAYER_HAS_LARGEST_INFLUENCE'	),
		('MODIFIER_CSE_SCIENTIFIC_INSTITUTE_SCIENCE_MOD',	'MODIFIER_PLAYER_CITIES_ADJUST_BUILDING_YIELD_CHANGE',	NULL							),
		('MODIFIER_CSE_SCIENTIFIC_EDUCATION_SCIENCE',		'MODIFIER_ALL_PLAYERS_ATTACH_MODIFIER',					'PLAYER_HAS_LARGEST_INFLUENCE'	),
		('MODIFIER_CSE_SCIENTIFIC_EDUCATION_SCIENCE_MOD',	'MODIFIER_PLAYER_CITIES_ADJUST_BUILDING_YIELD_CHANGE',	NULL							);

UPDATE	Modifiers SET SubjectRequirementSetId='PLAYER_HAS_SMALL_INFLUENCE'	WHERE ModifierId='MODIFIER_CSE_SCIENTIFIC_ACADEMY_SCIENCE';
UPDATE	Modifiers SET SubjectRequirementSetId='PLAYER_HAS_MEDIUM_INFLUENCE'	WHERE ModifierId='MODIFIER_CSE_SCIENTIFIC_SCHOOL_SCIENCE';
UPDATE	Modifiers SET SubjectRequirementSetId='PLAYER_HAS_LARGE_INFLUENCE'	WHERE ModifierId='MODIFIER_CSE_SCIENTIFIC_LABORATORY_SCIENCE';
UPDATE	Modifiers SET SubjectRequirementSetId='PLAYER_HAS_LARGE_INFLUENCE'	WHERE ModifierId='MODIFIER_CSE_SCIENTIFIC_LIBERAL_ARTS_SCIENCE';
--------------------------------------------------------------

-- ModifierArguments
--------------------------------------------------------------
INSERT INTO ModifierArguments
		(ModifierId,										Name,				Value											)
VALUES	('MODIFIER_CSE_SCIENTIFIC_INSTITUTE_SCIENCE',		'ModifierId',		'MODIFIER_CSE_SCIENTIFIC_INSTITUTE_SCIENCE_MOD'	),
		('MODIFIER_CSE_SCIENTIFIC_INSTITUTE_SCIENCE_MOD',	'BuildingType',		'BUILDING_RESEARCH_LAB'							),
		('MODIFIER_CSE_SCIENTIFIC_INSTITUTE_SCIENCE_MOD',	'YieldType',		'YIELD_SCIENCE'									),
		('MODIFIER_CSE_SCIENTIFIC_INSTITUTE_SCIENCE_MOD',	'Amount',			4												),
		('MODIFIER_CSE_SCIENTIFIC_INSTITUTE_SCIENCE_MOD',	'CityStatesOnly',	1												),
		('MODIFIER_CSE_SCIENTIFIC_EDUCATION_SCIENCE',		'ModifierId',		'MODIFIER_CSE_SCIENTIFIC_EDUCATION_SCIENCE_MOD'	),
		('MODIFIER_CSE_SCIENTIFIC_EDUCATION_SCIENCE_MOD',	'BuildingType',		'BUILDING_JNR_EDUCATION'						),
		('MODIFIER_CSE_SCIENTIFIC_EDUCATION_SCIENCE_MOD',	'YieldType',		'YIELD_SCIENCE'									),
		('MODIFIER_CSE_SCIENTIFIC_EDUCATION_SCIENCE_MOD',	'Amount',			4												),
		('MODIFIER_CSE_SCIENTIFIC_EDUCATION_SCIENCE_MOD',	'CityStatesOnly',	1												);

UPDATE	ModifierArguments
SET		Value = 1
WHERE	Name = 'Amount' AND ModifierId = 'MODIFIER_CSE_SCIENTIFIC_ACADEMY_SCIENCE_MOD';

UPDATE	ModifierArguments
SET		Value = 3
WHERE	Name = 'Amount' AND ModifierId = 'MODIFIER_CSE_SCIENTIFIC_LABORATORY_SCIENCE_MOD';

UPDATE	ModifierArguments
SET		Value = 3
WHERE	Name = 'Amount' AND ModifierId = 'MODIFIER_CSE_SCIENTIFIC_LIBERAL_ARTS_SCIENCE_MOD';

UPDATE	ModifierArguments
SET		Value = 4
WHERE	Name = 'Amount' AND ModifierId = 'MODIFIER_CSE_SCIENTIFIC_CHANCERY_SCIENCE_MOD_ETHIOPIA';
--------------------------------------------------------------

-- TraitModifiers
--------------------------------------------------------------
INSERT INTO TraitModifiers 
		(TraitType, 					ModifierId									)
VALUES	('MINOR_CIV_SCIENTIFIC_TRAIT',	'MODIFIER_CSE_SCIENTIFIC_INSTITUTE_SCIENCE'	),
		('MINOR_CIV_SCIENTIFIC_TRAIT',	'MODIFIER_CSE_SCIENTIFIC_EDUCATION_SCIENCE'	);

DELETE FROM TraitModifiers WHERE TraitType='MINOR_CIV_SCIENTIFIC_TRAIT' AND ModifierId='MODIFIER_CSE_SCIENTIFIC_LIBRARY_SCIENCE_ETHIOPIA';
DELETE FROM TraitModifiers WHERE TraitType='MINOR_CIV_SCIENTIFIC_TRAIT' AND ModifierId='MODIFIER_CSE_SCIENTIFIC_UNIVERSITY_SCIENCE_ETHIOPIA';
DELETE FROM TraitModifiers WHERE TraitType='MINOR_CIV_SCIENTIFIC_TRAIT' AND ModifierId='MODIFIER_CSE_SCIENTIFIC_RESEARCH_LAB_SCIENCE_ETHIOPIA';
DELETE FROM TraitModifiers WHERE TraitType='MINOR_CIV_SCIENTIFIC_TRAIT' AND ModifierId='MODIFIER_CSE_SCIENTIFIC_CONSULATE_SCIENCE_MOD_ETHIOPIA';
--------------------------------------------------------------