-- UC_CMP_CSE
-- Author: JNR
--------------------------------------------------------------

-- Modifiers
--------------------------------------------------------------
INSERT INTO Modifiers 
		(ModifierId,											ModifierType,											SubjectRequirementSetId)
VALUES	('MODIFIER_CSE_SCIENTIFIC_ACADEMY_SCIENCE',				'MODIFIER_ALL_PLAYERS_ATTACH_MODIFIER',					'PLAYER_HAS_MEDIUM_INFLUENCE'),
		('MODIFIER_CSE_SCIENTIFIC_ACADEMY_SCIENCE_MOD',			'MODIFIER_PLAYER_CITIES_ADJUST_BUILDING_YIELD_CHANGE',	NULL),
		('MODIFIER_CSE_SCIENTIFIC_SCHOOL_SCIENCE',				'MODIFIER_ALL_PLAYERS_ATTACH_MODIFIER',					'PLAYER_HAS_LARGE_INFLUENCE'),
		('MODIFIER_CSE_SCIENTIFIC_SCHOOL_SCIENCE_MOD',			'MODIFIER_PLAYER_CITIES_ADJUST_BUILDING_YIELD_CHANGE',	NULL),
		('MODIFIER_CSE_SCIENTIFIC_LABORATORY_SCIENCE',			'MODIFIER_ALL_PLAYERS_ATTACH_MODIFIER',					'PLAYER_HAS_LARGEST_INFLUENCE'),
		('MODIFIER_CSE_SCIENTIFIC_LABORATORY_SCIENCE_MOD',		'MODIFIER_PLAYER_CITIES_ADJUST_BUILDING_YIELD_CHANGE',	NULL),
		('MODIFIER_CSE_SCIENTIFIC_LIBERAL_ARTS_SCIENCE',		'MODIFIER_ALL_PLAYERS_ATTACH_MODIFIER',					'PLAYER_HAS_LARGEST_INFLUENCE'),
		('MODIFIER_CSE_SCIENTIFIC_LIBERAL_ARTS_SCIENCE_MOD',	'MODIFIER_PLAYER_CITIES_ADJUST_BUILDING_YIELD_CHANGE',	NULL);
--------------------------------------------------------------

-- ModifierArguments
--------------------------------------------------------------
INSERT INTO ModifierArguments
		(ModifierId,											Name,				Value)
VALUES	('MODIFIER_CSE_SCIENTIFIC_ACADEMY_SCIENCE',				'ModifierId',		'MODIFIER_CSE_SCIENTIFIC_ACADEMY_SCIENCE_MOD'		),
		('MODIFIER_CSE_SCIENTIFIC_ACADEMY_SCIENCE_MOD',			'BuildingType',		'BUILDING_JNR_ACADEMY'								),
		('MODIFIER_CSE_SCIENTIFIC_ACADEMY_SCIENCE_MOD',			'YieldType',		'YIELD_SCIENCE'										),		
		('MODIFIER_CSE_SCIENTIFIC_ACADEMY_SCIENCE_MOD',			'CityStatesOnly',	1													),
		('MODIFIER_CSE_SCIENTIFIC_SCHOOL_SCIENCE',				'ModifierId',		'MODIFIER_CSE_SCIENTIFIC_SCHOOL_SCIENCE_MOD'		),
		('MODIFIER_CSE_SCIENTIFIC_SCHOOL_SCIENCE_MOD',			'BuildingType',		'BUILDING_JNR_SCHOOL'								),
		('MODIFIER_CSE_SCIENTIFIC_SCHOOL_SCIENCE_MOD',			'YieldType',		'YIELD_SCIENCE'										),
		('MODIFIER_CSE_SCIENTIFIC_SCHOOL_SCIENCE_MOD',			'CityStatesOnly',	1													),
		('MODIFIER_CSE_SCIENTIFIC_LABORATORY_SCIENCE',			'ModifierId',		'MODIFIER_CSE_SCIENTIFIC_LABORATORY_SCIENCE_MOD'	),
		('MODIFIER_CSE_SCIENTIFIC_LABORATORY_SCIENCE_MOD',		'BuildingType',		'BUILDING_JNR_LABORATORY'							),
		('MODIFIER_CSE_SCIENTIFIC_LABORATORY_SCIENCE_MOD',		'YieldType',		'YIELD_SCIENCE'										),
		('MODIFIER_CSE_SCIENTIFIC_LABORATORY_SCIENCE_MOD',		'CityStatesOnly',	1													),
		('MODIFIER_CSE_SCIENTIFIC_LIBERAL_ARTS_SCIENCE',		'ModifierId',		'MODIFIER_CSE_SCIENTIFIC_LIBERAL_ARTS_SCIENCE_MOD'	),
		('MODIFIER_CSE_SCIENTIFIC_LIBERAL_ARTS_SCIENCE_MOD',	'BuildingType',		'BUILDING_JNR_LIBERAL_ARTS'							),
		('MODIFIER_CSE_SCIENTIFIC_LIBERAL_ARTS_SCIENCE_MOD',	'YieldType',		'YIELD_SCIENCE'										),
		('MODIFIER_CSE_SCIENTIFIC_LIBERAL_ARTS_SCIENCE_MOD',	'CityStatesOnly',	1													);

INSERT INTO ModifierArguments
		(ModifierId,											Name,				Value)
SELECT	'MODIFIER_CSE_SCIENTIFIC_ACADEMY_SCIENCE_MOD',			'Amount',			Value
FROM	ModifierArguments
WHERE	Name='Amount' AND ModifierId='MODIFIER_CSE_SCIENTIFIC_LIBRARY_SCIENCE_MOD';

INSERT INTO ModifierArguments
		(ModifierId,											Name,				Value)
SELECT	'MODIFIER_CSE_SCIENTIFIC_SCHOOL_SCIENCE_MOD',			'Amount',			Value
FROM	ModifierArguments
WHERE	Name='Amount' AND ModifierId='MODIFIER_CSE_SCIENTIFIC_UNIVERSITY_SCIENCE_MOD';

INSERT INTO ModifierArguments
		(ModifierId,											Name,				Value)
SELECT	'MODIFIER_CSE_SCIENTIFIC_LABORATORY_SCIENCE_MOD',		'Amount',			Value
FROM	ModifierArguments
WHERE	Name='Amount' AND ModifierId='MODIFIER_CSE_SCIENTIFIC_RESEARCH_LAB_SCIENCE_MOD';

INSERT INTO ModifierArguments
		(ModifierId,											Name,				Value)
SELECT	'MODIFIER_CSE_SCIENTIFIC_LIBERAL_ARTS_SCIENCE_MOD',		'Amount',			Value
FROM	ModifierArguments
WHERE	Name='Amount' AND ModifierId='MODIFIER_CSE_SCIENTIFIC_RESEARCH_LAB_SCIENCE_MOD';
--------------------------------------------------------------

-- TraitModifiers
--------------------------------------------------------------
INSERT INTO TraitModifiers 
		(TraitType, 					ModifierId										)
VALUES	('MINOR_CIV_SCIENTIFIC_TRAIT',	'MODIFIER_CSE_SCIENTIFIC_ACADEMY_SCIENCE'		),
		('MINOR_CIV_SCIENTIFIC_TRAIT',	'MODIFIER_CSE_SCIENTIFIC_SCHOOL_SCIENCE'		),
		('MINOR_CIV_SCIENTIFIC_TRAIT',	'MODIFIER_CSE_SCIENTIFIC_LABORATORY_SCIENCE'	),
		('MINOR_CIV_SCIENTIFIC_TRAIT',	'MODIFIER_CSE_SCIENTIFIC_LIBERAL_ARTS_SCIENCE'	);

DELETE FROM TraitModifiers WHERE TraitType='MINOR_CIV_SCIENTIFIC_TRAIT' AND ModifierId='MODIFIER_CSE_SCIENTIFIC_RESEARCH_LAB_SCIENCE';
--------------------------------------------------------------