-- UC_REL_Worship_Bonuses_Faith
-- Author: JNR
--------------------------------------------------------------

-- Building_YieldChanges
--------------------------------------------------------------
INSERT OR IGNORE INTO Building_YieldChanges
		(BuildingType,				YieldType,		YieldChange)
VALUES	('BUILDING_JNR_DAOGUAN',	'YIELD_FAITH',	3),
		('BUILDING_JNR_MANDIR',		'YIELD_FAITH',	3);

INSERT OR IGNORE INTO Building_YieldChanges
		(BuildingType,				YieldType,		YieldChange)
SELECT	'BUILDING_JNR_SOBOR',		'YIELD_FAITH',	2
FROM	Buildings
WHERE	NOT EXISTS (SELECT * FROM Buildings WHERE BuildingType='BUILDING_CHANCERY');

DELETE FROM Building_YieldChanges				WHERE BuildingType='BUILDING_CATHEDRAL'		AND YieldType='YIELD_FAITH';
UPDATE Building_YieldChanges SET YieldChange=3	WHERE BuildingType='BUILDING_DAR_E_MEHR'	AND YieldType='YIELD_FAITH';
DELETE FROM Building_YieldChanges				WHERE BuildingType='BUILDING_GURDWARA'		AND YieldType='YIELD_FAITH';
DELETE FROM Building_YieldChanges				WHERE BuildingType='BUILDING_MEETING_HOUSE'	AND YieldType='YIELD_FAITH';
DELETE FROM Building_YieldChanges				WHERE BuildingType='BUILDING_MOSQUE'		AND YieldType='YIELD_FAITH';
DELETE FROM Building_YieldChanges				WHERE BuildingType='BUILDING_PAGODA'		AND YieldType='YIELD_FAITH';
DELETE FROM Building_YieldChanges				WHERE BuildingType='BUILDING_STUPA'			AND YieldType='YIELD_FAITH';
UPDATE Building_YieldChanges SET YieldChange=2	WHERE BuildingType='BUILDING_SYNAGOGUE'		AND YieldType='YIELD_FAITH';
DELETE FROM Building_YieldChanges				WHERE BuildingType='BUILDING_WAT'			AND YieldType='YIELD_FAITH';
--------------------------------------------------------------

-- Building_CitizenYieldChanges
--------------------------------------------------------------
INSERT OR IGNORE INTO Building_CitizenYieldChanges
		(BuildingType,				YieldType,		YieldChange)
VALUES	('BUILDING_JNR_CANDI',		'YIELD_FAITH',	1),
		('BUILDING_JNR_DAOGUAN',	'YIELD_FAITH',	1),
		('BUILDING_JNR_JINJA',		'YIELD_FAITH',	1),
		('BUILDING_JNR_KHALWAT',	'YIELD_FAITH',	1),
		('BUILDING_JNR_MANDIR',		'YIELD_FAITH',	1),
		('BUILDING_JNR_MBARI',		'YIELD_FAITH',	1),
		('BUILDING_JNR_PERIPTEROS',	'YIELD_FAITH',	1),
		('BUILDING_JNR_SOBOR',		'YIELD_FAITH',	1),
		('BUILDING_JNR_TZACUALLI',	'YIELD_FAITH',	1);

UPDATE Building_CitizenYieldChanges SET YieldChange=2 WHERE BuildingType='BUILDING_SYNAGOGUE' AND YieldType='YIELD_FAITH';
--------------------------------------------------------------

-- Requirements
--------------------------------------------------------------
INSERT OR IGNORE INTO Requirements
		(RequirementId,								RequirementType)
VALUES	('REQUIRES_CITY_HAS_1_TITLE_GOVERNOR_JNR',	'REQUIREMENT_CITY_HAS_GOVERNOR_WITH_X_TITLES'),
		('REQUIRES_CITY_HAS_3_TITLE_GOVERNOR_JNR',	'REQUIREMENT_CITY_HAS_GOVERNOR_WITH_X_TITLES'),
		('REQUIRES_CITY_HAS_4_TITLE_GOVERNOR_JNR',	'REQUIREMENT_CITY_HAS_GOVERNOR_WITH_X_TITLES'),
		('REQUIRES_CITY_HAS_5_TITLE_GOVERNOR_JNR',	'REQUIREMENT_CITY_HAS_GOVERNOR_WITH_X_TITLES'),
		('REQUIRES_CITY_HAS_6_TITLE_GOVERNOR_JNR',	'REQUIREMENT_CITY_HAS_GOVERNOR_WITH_X_TITLES'),
		('REQUIRES_PLOT_1_APPEAL_JNR',				'REQUIREMENT_PLOT_IS_APPEAL_BETWEEN'),
		('REQUIRES_PLOT_3_APPEAL_JNR',				'REQUIREMENT_PLOT_IS_APPEAL_BETWEEN');
--------------------------------------------------------------

-- RequirementArguments
--------------------------------------------------------------
INSERT OR IGNORE INTO RequirementArguments
		(RequirementId,								Name,				Value)
VALUES	('REQUIRES_CITY_HAS_1_TITLE_GOVERNOR_JNR',	'Established',		1),
		('REQUIRES_CITY_HAS_1_TITLE_GOVERNOR_JNR',	'Amount',			1),
		('REQUIRES_CITY_HAS_3_TITLE_GOVERNOR_JNR',	'Established',		1),
		('REQUIRES_CITY_HAS_3_TITLE_GOVERNOR_JNR',	'Amount',			3),
		('REQUIRES_CITY_HAS_4_TITLE_GOVERNOR_JNR',	'Established',		1),
		('REQUIRES_CITY_HAS_4_TITLE_GOVERNOR_JNR',	'Amount',			4),
		('REQUIRES_CITY_HAS_5_TITLE_GOVERNOR_JNR',	'Established',		1),
		('REQUIRES_CITY_HAS_5_TITLE_GOVERNOR_JNR',	'Amount',			5),
		('REQUIRES_CITY_HAS_6_TITLE_GOVERNOR_JNR',	'Established',		1),
		('REQUIRES_CITY_HAS_6_TITLE_GOVERNOR_JNR',	'Amount',			6),
		('REQUIRES_PLOT_1_APPEAL_JNR',				'MinimumAppeal',	1),
		('REQUIRES_PLOT_3_APPEAL_JNR',				'MinimumAppeal',	3);
--------------------------------------------------------------

-- RequirementSets
--------------------------------------------------------------
INSERT OR IGNORE INTO RequirementSets
		(RequirementSetId,								RequirementSetType)
VALUES	('CITY_HAS_1_TITLE_GOVERNOR_REQUIREMENTS_JNR',	'REQUIREMENTSET_TEST_ALL'),
		('CITY_HAS_3_TITLE_GOVERNOR_REQUIREMENTS_JNR',	'REQUIREMENTSET_TEST_ALL'),
		('CITY_HAS_4_TITLE_GOVERNOR_REQUIREMENTS_JNR',	'REQUIREMENTSET_TEST_ALL'),
		('CITY_HAS_5_TITLE_GOVERNOR_REQUIREMENTS_JNR',	'REQUIREMENTSET_TEST_ALL'),
		('CITY_HAS_6_TITLE_GOVERNOR_REQUIREMENTS_JNR',	'REQUIREMENTSET_TEST_ALL'),
		('DISTRICT_IS_1_APPEAL',						'REQUIREMENTSET_TEST_ALL'),
		('DISTRICT_IS_3_APPEAL',						'REQUIREMENTSET_TEST_ALL'),
		('DISTRICT_IS_HOLY_SITE_ADJACENT_TO_OWNER_JNR',	'REQUIREMENTSET_TEST_ALL');
--------------------------------------------------------------

-- RequirementSetRequirements
--------------------------------------------------------------
INSERT OR IGNORE INTO RequirementSetRequirements
		(RequirementSetId,								RequirementId)
VALUES	('CITY_HAS_1_TITLE_GOVERNOR_REQUIREMENTS_JNR',	'REQUIRES_CITY_HAS_1_TITLE_GOVERNOR_JNR'),
		('CITY_HAS_3_TITLE_GOVERNOR_REQUIREMENTS_JNR',	'REQUIRES_CITY_HAS_3_TITLE_GOVERNOR_JNR'),
		('CITY_HAS_4_TITLE_GOVERNOR_REQUIREMENTS_JNR',	'REQUIRES_CITY_HAS_4_TITLE_GOVERNOR_JNR'),
		('CITY_HAS_5_TITLE_GOVERNOR_REQUIREMENTS_JNR',	'REQUIRES_CITY_HAS_5_TITLE_GOVERNOR_JNR'),
		('CITY_HAS_6_TITLE_GOVERNOR_REQUIREMENTS_JNR',	'REQUIRES_CITY_HAS_6_TITLE_GOVERNOR_JNR'),
		('DISTRICT_IS_1_APPEAL',						'REQUIRES_PLOT_1_APPEAL_JNR'),
		('DISTRICT_IS_3_APPEAL',						'REQUIRES_PLOT_3_APPEAL_JNR'),
		('DISTRICT_IS_HOLY_SITE_ADJACENT_TO_OWNER_JNR',	'REQUIRES_DISTRICT_IS_HOLY_SITE'),
		('DISTRICT_IS_HOLY_SITE_ADJACENT_TO_OWNER_JNR',	'ADJACENT_TO_OWNER');
--------------------------------------------------------------

-- Types
--------------------------------------------------------------
INSERT OR IGNORE INTO Types
		(Type,													Kind)
VALUES	('MODIFIER_JNR_PLAYER_CITY_ADJUST_HAPPINESS_YIELD',		'KIND_MODIFIER'),
		('MODIFIER_JNR_PLAYER_CITY_TERRAIN_ADJACENCY',			'KIND_MODIFIER'),
		('MODIFIER_JNR_PLAYER_CITY_DISTRICT_ADJACENCY',			'KIND_MODIFIER'),
		('MODIFIER_JNR_PLAYER_DISTRICTS_ATTACH_MODIFIER',		'KIND_MODIFIER'),
		('MODIFIER_JNR_ALLIANCE_CITIES_BUILDING_YIELD_CHANGE',	'KIND_MODIFIER');
--------------------------------------------------------------

-- DynamicModifiers
--------------------------------------------------------------
INSERT OR IGNORE INTO DynamicModifiers
		(ModifierType,											CollectionType,					EffectType)
VALUES	('MODIFIER_JNR_PLAYER_CITY_ADJUST_HAPPINESS_YIELD',		'COLLECTION_OWNER',				'EFFECT_ADJUST_CITY_HAPPINESS_YIELD'),
		('MODIFIER_JNR_PLAYER_CITY_TERRAIN_ADJACENCY',			'COLLECTION_OWNER_CITY',		'EFFECT_TERRAIN_ADJACENCY'),
		('MODIFIER_JNR_PLAYER_CITY_DISTRICT_ADJACENCY',			'COLLECTION_OWNER_CITY',		'EFFECT_DISTRICT_ADJACENCY'),
		('MODIFIER_JNR_PLAYER_DISTRICTS_ATTACH_MODIFIER',		'COLLECTION_PLAYER_DISTRICTS',	'EFFECT_ATTACH_MODIFIER'),
		('MODIFIER_JNR_ALLIANCE_CITIES_BUILDING_YIELD_CHANGE',	'COLLECTION_ALLIANCE_CITIES',	'EFFECT_ADJUST_BUILDING_YIELD_CHANGE');
--------------------------------------------------------------

-- Modifiers
--------------------------------------------------------------
INSERT OR IGNORE INTO Modifiers
		(ModifierId,									ModifierType,														SubjectRequirementSetId)
VALUES	('JNR_CANDI_FAITH_ADJACENCY_MOUNTAIN_GRASS',	'MODIFIER_JNR_PLAYER_CITY_TERRAIN_ADJACENCY',						NULL),
		('JNR_CANDI_FAITH_ADJACENCY_MOUNTAIN_PLAINS',	'MODIFIER_JNR_PLAYER_CITY_TERRAIN_ADJACENCY',						NULL),
		('JNR_CANDI_FAITH_ADJACENCY_MOUNTAIN_DESERT',	'MODIFIER_JNR_PLAYER_CITY_TERRAIN_ADJACENCY',						NULL),
		('JNR_CANDI_FAITH_ADJACENCY_MOUNTAIN_TUNDRA',	'MODIFIER_JNR_PLAYER_CITY_TERRAIN_ADJACENCY',						NULL),
		('JNR_CANDI_FAITH_ADJACENCY_MOUNTAIN_SNOW',		'MODIFIER_JNR_PLAYER_CITY_TERRAIN_ADJACENCY',						NULL),
		('JNR_DAOGUAN_FAITH_ECSTATIC',					'MODIFIER_JNR_PLAYER_CITY_ADJUST_HAPPINESS_YIELD',					NULL),
		('JNR_GURDWARA_FAITH_UNIT_COST',				'MODIFIER_SINGLE_CITY_GRANT_YIELD_PER_UNIT_COST',					NULL),
		('JNR_JINJA_FAITH_APPEAL_1',					'MODIFIER_BUILDING_YIELD_CHANGE',									'DISTRICT_IS_1_APPEAL'),
		('JNR_JINJA_FAITH_APPEAL_2',					'MODIFIER_BUILDING_YIELD_CHANGE',									'PLOT_CHARMING_APPEAL'),
		('JNR_JINJA_FAITH_APPEAL_3',					'MODIFIER_BUILDING_YIELD_CHANGE',									'DISTRICT_IS_3_APPEAL'),
		('JNR_JINJA_FAITH_APPEAL_4',					'MODIFIER_BUILDING_YIELD_CHANGE',									'PLOT_BREATHTAKING_APPEAL'),
		('JNR_KHALWAT_FAITH_ADJACENCY_FOREST',			'MODIFIER_SINGLE_CITY_FEATURE_ADJACENCY',							NULL),
		('JNR_KHALWAT_FAITH_ADJACENCY_JUNGLE',			'MODIFIER_SINGLE_CITY_FEATURE_ADJACENCY',							NULL),
		('JNR_KHALWAT_FAITH_ADJACENCY_DISTRICT',		'MODIFIER_JNR_PLAYER_CITY_DISTRICT_ADJACENCY',						NULL),
		('JNR_MANDIR_FAITH_POPULATION',					'MODIFIER_SINGLE_CITY_ADJUST_CITY_YIELD_PER_POPULATION',			NULL),
		('JNR_MBARI_FAITH_BUILDING_COST',				'MODIFIER_SINGLE_CITY_GRANT_YIELD_PER_BUILDING_COST',				NULL),
		('JNR_MOSQUE_FAITH_TRADE_DOMESTIC',				'MODIFIER_SINGLE_CITY_ADJUST_TRADE_ROUTE_YIELD_FOR_DOMESTIC',		NULL),
		('JNR_MOSQUE_FAITH_TRADE_INTERNATIONAL',		'MODIFIER_SINGLE_CITY_ADJUST_TRADE_ROUTE_YIELD_FOR_INTERNATIONAL',	NULL),
		('JNR_PAGODA_FAITH_DISTRICTS',					'MODIFIER_JNR_PLAYER_DISTRICTS_ATTACH_MODIFIER',					'DISTRICT_IS_HOLY_SITE_ADJACENT_TO_OWNER_JNR'),
		('JNR_PAGODA_FAITH_DISTRICTS_MODIFIER',			'MODIFIER_BUILDING_YIELD_CHANGE',									NULL),
		('JNR_PERIPTEROS_FAITH_ALLY_TRADE',				'MODIFIER_JNR_ALLIANCE_CITIES_BUILDING_YIELD_CHANGE',				'ALLIANCE_CITY_HAS_TRADE_ROUTE_WITH_ALLY'),
		('JNR_PERIPTEROS_FAITH_ENTERTAINMENT',			'MODIFIER_BUILDING_YIELD_CHANGE',									NULL),
		('JNR_SOBOR_FAITH_1_TITLE',						'MODIFIER_BUILDING_YIELD_CHANGE',									'CITY_HAS_1_TITLE_GOVERNOR_REQUIREMENTS_JNR'),
		('JNR_SOBOR_FAITH_2_TITLE',						'MODIFIER_BUILDING_YIELD_CHANGE',									'CITY_HAS_2_TITLE_GOVERNOR_REQUIREMENTS'),
		('JNR_SOBOR_FAITH_3_TITLE',						'MODIFIER_BUILDING_YIELD_CHANGE',									'CITY_HAS_3_TITLE_GOVERNOR_REQUIREMENTS_JNR'),
		('JNR_SOBOR_FAITH_4_TITLE',						'MODIFIER_BUILDING_YIELD_CHANGE',									'CITY_HAS_4_TITLE_GOVERNOR_REQUIREMENTS_JNR'),
		('JNR_SOBOR_FAITH_5_TITLE',						'MODIFIER_BUILDING_YIELD_CHANGE',									'CITY_HAS_5_TITLE_GOVERNOR_REQUIREMENTS_JNR'),
		('JNR_SOBOR_FAITH_6_TITLE',						'MODIFIER_BUILDING_YIELD_CHANGE',									'CITY_HAS_6_TITLE_GOVERNOR_REQUIREMENTS_JNR'),
		('JNR_SOBOR_FAITH_CONSULATE',					'MODIFIER_PLAYER_CITIES_ADJUST_BUILDING_YIELD_CHANGE',				NULL),
		('JNR_SOBOR_FAITH_CHANCERY',					'MODIFIER_PLAYER_CITIES_ADJUST_BUILDING_YIELD_CHANGE',				NULL),
		('JNR_STUPA_FAITH_WONDER',						'MODIFIER_SINGLE_CITY_ADJUST_WONDER_YIELD_CHANGE',					NULL),	
		('JNR_TZACUALLI_FAITH_KILLS',					'MODIFIER_PLAYER_UNITS_ADJUST_POST_COMBAT_YIELD',					NULL),
		('JNR_WAT_FAITH_ADJACENCY_MARSH',				'MODIFIER_SINGLE_CITY_FEATURE_ADJACENCY',							NULL),
		('JNR_WAT_FAITH_ADJACENCY_OASIS',				'MODIFIER_SINGLE_CITY_FEATURE_ADJACENCY',							NULL),
		('JNR_WAT_FAITH_ADJACENCY_FLOODPLAINS_GRASS',	'MODIFIER_SINGLE_CITY_FEATURE_ADJACENCY',							NULL),
		('JNR_WAT_FAITH_ADJACENCY_FLOODPLAINS_PLAINS',	'MODIFIER_SINGLE_CITY_FEATURE_ADJACENCY',							NULL),
		('JNR_WAT_FAITH_ADJACENCY_FLOODPLAINS',			'MODIFIER_SINGLE_CITY_FEATURE_ADJACENCY',							NULL);

INSERT OR IGNORE INTO Modifiers
		(ModifierId,									ModifierType)
SELECT	'JNR_CATHEDRAL_FAITH_' || GreatWorkObjectType,	'MODIFIER_SINGLE_CITY_ADJUST_GREATWORK_YIELD'
FROM	GreatWorkObjectTypes
WHERE	GreatWorkObjectType IS NOT NULL;

UPDATE	Modifiers SET RunOnce=1, Permanent=1 WHERE ModifierId='JNR_GURDWARA_FAITH_UNIT_COST';
UPDATE	Modifiers SET RunOnce=1, Permanent=1 WHERE ModifierId='JNR_MEETING_HOUSE_FAITH_BUILDING_COST';
--------------------------------------------------------------

-- ModifierArguments
--------------------------------------------------------------
INSERT OR IGNORE INTO ModifierArguments
		(ModifierId,									Name,							Value)
VALUES	('JNR_CANDI_FAITH_ADJACENCY_MOUNTAIN_GRASS',	'DistrictType',					'DISTRICT_HOLY_SITE'),
		('JNR_CANDI_FAITH_ADJACENCY_MOUNTAIN_GRASS',	'TerrainType',					'TERRAIN_GRASS_MOUNTAIN'),
		('JNR_CANDI_FAITH_ADJACENCY_MOUNTAIN_GRASS',	'YieldType',					'YIELD_FAITH'),
		('JNR_CANDI_FAITH_ADJACENCY_MOUNTAIN_GRASS',	'Amount',						1),
		('JNR_CANDI_FAITH_ADJACENCY_MOUNTAIN_GRASS',	'Description',					'LOC_DISTRICT_MOUNTAIN_FAITH1'),
		('JNR_CANDI_FAITH_ADJACENCY_MOUNTAIN_PLAINS',	'DistrictType',					'DISTRICT_HOLY_SITE'),
		('JNR_CANDI_FAITH_ADJACENCY_MOUNTAIN_PLAINS',	'TerrainType',					'TERRAIN_PLAINS_MOUNTAIN'),
		('JNR_CANDI_FAITH_ADJACENCY_MOUNTAIN_PLAINS',	'YieldType',					'YIELD_FAITH'),
		('JNR_CANDI_FAITH_ADJACENCY_MOUNTAIN_PLAINS',	'Amount',						1),
		('JNR_CANDI_FAITH_ADJACENCY_MOUNTAIN_PLAINS',	'Description',					'LOC_DISTRICT_MOUNTAIN_FAITH2'),
		('JNR_CANDI_FAITH_ADJACENCY_MOUNTAIN_DESERT',	'DistrictType',					'DISTRICT_HOLY_SITE'),
		('JNR_CANDI_FAITH_ADJACENCY_MOUNTAIN_DESERT',	'TerrainType',					'TERRAIN_DESERT_MOUNTAIN'),
		('JNR_CANDI_FAITH_ADJACENCY_MOUNTAIN_DESERT',	'YieldType',					'YIELD_FAITH'),
		('JNR_CANDI_FAITH_ADJACENCY_MOUNTAIN_DESERT',	'Amount',						1),
		('JNR_CANDI_FAITH_ADJACENCY_MOUNTAIN_DESERT',	'Description',					'LOC_DISTRICT_MOUNTAIN_FAITH3'),
		('JNR_CANDI_FAITH_ADJACENCY_MOUNTAIN_TUNDRA',	'DistrictType',					'DISTRICT_HOLY_SITE'),
		('JNR_CANDI_FAITH_ADJACENCY_MOUNTAIN_TUNDRA',	'TerrainType',					'TERRAIN_TUNDRA_MOUNTAIN'),
		('JNR_CANDI_FAITH_ADJACENCY_MOUNTAIN_TUNDRA',	'YieldType',					'YIELD_FAITH'),
		('JNR_CANDI_FAITH_ADJACENCY_MOUNTAIN_TUNDRA',	'Amount',						1),
		('JNR_CANDI_FAITH_ADJACENCY_MOUNTAIN_TUNDRA',	'Description',					'LOC_DISTRICT_MOUNTAIN_FAITH4'),
		('JNR_CANDI_FAITH_ADJACENCY_MOUNTAIN_SNOW',		'DistrictType',					'DISTRICT_HOLY_SITE'),
		('JNR_CANDI_FAITH_ADJACENCY_MOUNTAIN_SNOW',		'TerrainType',					'TERRAIN_SNOW_MOUNTAIN'),
		('JNR_CANDI_FAITH_ADJACENCY_MOUNTAIN_SNOW',		'YieldType',					'YIELD_FAITH'),
		('JNR_CANDI_FAITH_ADJACENCY_MOUNTAIN_SNOW',		'Amount',						1),
		('JNR_CANDI_FAITH_ADJACENCY_MOUNTAIN_SNOW',		'Description',					'LOC_DISTRICT_MOUNTAIN_FAITH5'),
		('JNR_DAOGUAN_FAITH_ECSTATIC',					'HappinessType',				'HAPPINESS_ECSTATIC'),
		('JNR_DAOGUAN_FAITH_ECSTATIC',					'YieldType',					'YIELD_FAITH'),
		('JNR_DAOGUAN_FAITH_ECSTATIC',					'Amount',						5),
		('JNR_JINJA_FAITH_APPEAL_1',					'BuildingType',					'BUILDING_JNR_JINJA'),
		('JNR_JINJA_FAITH_APPEAL_1',					'YieldType',					'YIELD_FAITH'),
		('JNR_JINJA_FAITH_APPEAL_1',					'Amount',						1),
		('JNR_JINJA_FAITH_APPEAL_2',					'BuildingType',					'BUILDING_JNR_JINJA'),
		('JNR_JINJA_FAITH_APPEAL_2',					'YieldType',					'YIELD_FAITH'),
		('JNR_JINJA_FAITH_APPEAL_2',					'Amount',						1),
		('JNR_JINJA_FAITH_APPEAL_3',					'BuildingType',					'BUILDING_JNR_JINJA'),
		('JNR_JINJA_FAITH_APPEAL_3',					'YieldType',					'YIELD_FAITH'),
		('JNR_JINJA_FAITH_APPEAL_3',					'Amount',						1),
		('JNR_JINJA_FAITH_APPEAL_4',					'BuildingType',					'BUILDING_JNR_JINJA'),
		('JNR_JINJA_FAITH_APPEAL_4',					'YieldType',					'YIELD_FAITH'),
		('JNR_JINJA_FAITH_APPEAL_4',					'Amount',						1),
		('JNR_GURDWARA_FAITH_UNIT_COST',				'YieldType',					'YIELD_FAITH'),
		('JNR_GURDWARA_FAITH_UNIT_COST',				'UnitProductionPercent',		20),
		('JNR_KHALWAT_FAITH_ADJACENCY_FOREST',			'DistrictType',					'DISTRICT_HOLY_SITE'),
		('JNR_KHALWAT_FAITH_ADJACENCY_FOREST',			'FeatureType',					'FEATURE_FOREST'),
		('JNR_KHALWAT_FAITH_ADJACENCY_FOREST',			'YieldType',					'YIELD_FAITH'),
		('JNR_KHALWAT_FAITH_ADJACENCY_FOREST',			'Amount',						1),
		('JNR_KHALWAT_FAITH_ADJACENCY_FOREST',			'Description',					'LOC_STAVE_CHURCH_FOREST_FAITH'),
		('JNR_KHALWAT_FAITH_ADJACENCY_JUNGLE',			'DistrictType',					'DISTRICT_HOLY_SITE'),
		('JNR_KHALWAT_FAITH_ADJACENCY_JUNGLE',			'FeatureType',					'FEATURE_JUNGLE'),
		('JNR_KHALWAT_FAITH_ADJACENCY_JUNGLE',			'YieldType',					'YIELD_FAITH'),
		('JNR_KHALWAT_FAITH_ADJACENCY_JUNGLE',			'Amount',						1),
		('JNR_KHALWAT_FAITH_ADJACENCY_JUNGLE',			'Description',					'LOC_DISTRICT_JUNGLE_FAITH'),
		('JNR_KHALWAT_FAITH_ADJACENCY_DISTRICT',		'DistrictType',					'DISTRICT_HOLY_SITE'),
		('JNR_KHALWAT_FAITH_ADJACENCY_DISTRICT',		'YieldType',					'YIELD_FAITH'),
		('JNR_KHALWAT_FAITH_ADJACENCY_DISTRICT',		'Amount',						-1),
		('JNR_KHALWAT_FAITH_ADJACENCY_DISTRICT',		'Description',					'LOC_DISTRICT_DISTRICT_1_FAITH'),
		('JNR_MANDIR_FAITH_POPULATION',					'YieldType',					'YIELD_FAITH'),
		('JNR_MANDIR_FAITH_POPULATION',					'Amount',						0.2),
		('JNR_MBARI_FAITH_BUILDING_COST',				'YieldType',					'YIELD_FAITH'),
		('JNR_MBARI_FAITH_BUILDING_COST',				'BuildingProductionPercent',	10),
		('JNR_MOSQUE_FAITH_TRADE_INTERNATIONAL',		'YieldType',					'YIELD_FAITH'),
		('JNR_MOSQUE_FAITH_TRADE_INTERNATIONAL',		'Amount',						1),
		('JNR_MOSQUE_FAITH_TRADE_DOMESTIC',				'YieldType',					'YIELD_FAITH'),
		('JNR_MOSQUE_FAITH_TRADE_DOMESTIC',				'Amount',						1),
		('JNR_PAGODA_FAITH_DISTRICTS',					'ModifierId',					'JNR_PAGODA_FAITH_DISTRICTS_MODIFIER'),
		('JNR_PAGODA_FAITH_DISTRICTS_MODIFIER',			'BuildingType',					'BUILDING_PAGODA'),
		('JNR_PAGODA_FAITH_DISTRICTS_MODIFIER',			'YieldType',					'YIELD_FAITH'),
		('JNR_PAGODA_FAITH_DISTRICTS_MODIFIER',			'Amount',						1),
		('JNR_PERIPTEROS_FAITH_ALLY_TRADE',				'BuildingType',					'BUILDING_JNR_PERIPTEROS'),
		('JNR_PERIPTEROS_FAITH_ALLY_TRADE',				'YieldType',					'YIELD_FAITH'),
		('JNR_PERIPTEROS_FAITH_ALLY_TRADE',				'Amount',						1),
		('JNR_PERIPTEROS_FAITH_ENTERTAINMENT',			'BuildingType',					'BUILDING_JNR_PERIPTEROS'),
		('JNR_PERIPTEROS_FAITH_ENTERTAINMENT',			'YieldType',					'YIELD_FAITH'),
		('JNR_PERIPTEROS_FAITH_ENTERTAINMENT',			'Amount',						1),
		('JNR_SOBOR_FAITH_1_TITLE',						'BuildingType',					'BUILDING_JNR_SOBOR'),
		('JNR_SOBOR_FAITH_1_TITLE',						'YieldType',					'YIELD_FAITH'),
		('JNR_SOBOR_FAITH_1_TITLE',						'Amount',						1),
		('JNR_SOBOR_FAITH_2_TITLE',						'BuildingType',					'BUILDING_JNR_SOBOR'),
		('JNR_SOBOR_FAITH_2_TITLE',						'YieldType',					'YIELD_FAITH'),
		('JNR_SOBOR_FAITH_2_TITLE',						'Amount',						1),
		('JNR_SOBOR_FAITH_3_TITLE',						'BuildingType',					'BUILDING_JNR_SOBOR'),
		('JNR_SOBOR_FAITH_3_TITLE',						'YieldType',					'YIELD_FAITH'),
		('JNR_SOBOR_FAITH_3_TITLE',						'Amount',						1),
		('JNR_SOBOR_FAITH_4_TITLE',						'BuildingType',					'BUILDING_JNR_SOBOR'),
		('JNR_SOBOR_FAITH_4_TITLE',						'YieldType',					'YIELD_FAITH'),
		('JNR_SOBOR_FAITH_4_TITLE',						'Amount',						1),
		('JNR_SOBOR_FAITH_5_TITLE',						'BuildingType',					'BUILDING_JNR_SOBOR'),
		('JNR_SOBOR_FAITH_5_TITLE',						'YieldType',					'YIELD_FAITH'),
		('JNR_SOBOR_FAITH_5_TITLE',						'Amount',						1),
		('JNR_SOBOR_FAITH_6_TITLE',						'BuildingType',					'BUILDING_JNR_SOBOR'),
		('JNR_SOBOR_FAITH_6_TITLE',						'YieldType',					'YIELD_FAITH'),
		('JNR_SOBOR_FAITH_6_TITLE',						'Amount',						1),
		('JNR_SOBOR_FAITH_CONSULATE',					'BuildingType',					'BUILDING_JNR_SOBOR'),
		('JNR_SOBOR_FAITH_CONSULATE',					'YieldType',					'YIELD_FAITH'),
		('JNR_SOBOR_FAITH_CONSULATE',					'Amount',						1),
		('JNR_SOBOR_FAITH_CHANCERY',					'BuildingType',					'BUILDING_JNR_SOBOR'),
		('JNR_SOBOR_FAITH_CHANCERY',					'YieldType',					'YIELD_FAITH'),
		('JNR_SOBOR_FAITH_CHANCERY',					'Amount',						1),
		('JNR_STUPA_FAITH_WONDER',						'YieldType',					'YIELD_FAITH'),
		('JNR_STUPA_FAITH_WONDER',						'Amount',						2),
		('JNR_MBARI_FAITH_BUILDING_COST',				'IncludeWonder',				1),
		('JNR_TZACUALLI_FAITH_KILLS',					'YieldType',					'YIELD_FAITH'),
		('JNR_TZACUALLI_FAITH_KILLS',					'PercentDefeatedStrength',		25),
		('JNR_WAT_FAITH_ADJACENCY_MARSH',				'DistrictType',					'DISTRICT_HOLY_SITE'),
		('JNR_WAT_FAITH_ADJACENCY_MARSH',				'FeatureType',					'FEATURE_MARSH'),
		('JNR_WAT_FAITH_ADJACENCY_MARSH',				'YieldType',					'YIELD_FAITH'),
		('JNR_WAT_FAITH_ADJACENCY_MARSH',				'Amount',						1),
		('JNR_WAT_FAITH_ADJACENCY_MARSH',				'Description',					'LOC_DISTRICT_MARSH_FAITH_JNR'),
		('JNR_WAT_FAITH_ADJACENCY_OASIS',				'DistrictType',					'DISTRICT_HOLY_SITE'),
		('JNR_WAT_FAITH_ADJACENCY_OASIS',				'FeatureType',					'FEATURE_OASIS'),
		('JNR_WAT_FAITH_ADJACENCY_OASIS',				'YieldType',					'YIELD_FAITH'),
		('JNR_WAT_FAITH_ADJACENCY_OASIS',				'Amount',						1),
		('JNR_WAT_FAITH_ADJACENCY_OASIS',				'Description',					'LOC_DISTRICT_OASIS_FAITH_JNR'),
		('JNR_WAT_FAITH_ADJACENCY_FLOODPLAINS_GRASS',	'DistrictType',					'DISTRICT_HOLY_SITE'),
		('JNR_WAT_FAITH_ADJACENCY_FLOODPLAINS_GRASS',	'FeatureType',					'FEATURE_FLOODPLAINS_GRASSLAND'),
		('JNR_WAT_FAITH_ADJACENCY_FLOODPLAINS_GRASS',	'YieldType',					'YIELD_FAITH'),
		('JNR_WAT_FAITH_ADJACENCY_FLOODPLAINS_GRASS',	'Amount',						1),
		('JNR_WAT_FAITH_ADJACENCY_FLOODPLAINS_GRASS',	'Description',					'LOC_DISTRICT_FLOODPLAINS_GRASS_FAITH_JNR'),
		('JNR_WAT_FAITH_ADJACENCY_FLOODPLAINS_PLAINS',	'DistrictType',					'DISTRICT_HOLY_SITE'),
		('JNR_WAT_FAITH_ADJACENCY_FLOODPLAINS_PLAINS',	'FeatureType',					'FEATURE_FLOODPLAINS_PLAINS'),
		('JNR_WAT_FAITH_ADJACENCY_FLOODPLAINS_PLAINS',	'YieldType',					'YIELD_FAITH'),
		('JNR_WAT_FAITH_ADJACENCY_FLOODPLAINS_PLAINS',	'Amount',						1),
		('JNR_WAT_FAITH_ADJACENCY_FLOODPLAINS_PLAINS',	'Description',					'LOC_DISTRICT_FLOODPLAINS_PLAINS_FAITH_JNR'),
		('JNR_WAT_FAITH_ADJACENCY_FLOODPLAINS',			'DistrictType',					'DISTRICT_HOLY_SITE'),
		('JNR_WAT_FAITH_ADJACENCY_FLOODPLAINS',			'FeatureType',					'FEATURE_FLOODPLAINS'),
		('JNR_WAT_FAITH_ADJACENCY_FLOODPLAINS',			'YieldType',					'YIELD_FAITH'),
		('JNR_WAT_FAITH_ADJACENCY_FLOODPLAINS',			'Amount',						1),
		('JNR_WAT_FAITH_ADJACENCY_FLOODPLAINS',			'Description',					'LOC_DISTRICT_FLOODPLAINS_FAITH_JNR');

INSERT OR IGNORE INTO ModifierArguments
		(ModifierId,									Name,					Value)
SELECT	'JNR_CATHEDRAL_FAITH_' || GreatWorkObjectType,	'GreatWorkObjectType',	GreatWorkObjectType
FROM	GreatWorkObjectTypes
WHERE	GreatWorkObjectType IS NOT NULL;

INSERT OR IGNORE INTO ModifierArguments
		(ModifierId,									Name,					Value)
SELECT	'JNR_CATHEDRAL_FAITH_' || GreatWorkObjectType,	'YieldType',			'YIELD_FAITH'
FROM	GreatWorkObjectTypes
WHERE	GreatWorkObjectType IS NOT NULL;

INSERT OR IGNORE INTO ModifierArguments
		(ModifierId,									Name,					Value)
SELECT	'JNR_CATHEDRAL_FAITH_' || GreatWorkObjectType,	'YieldChange',			1
FROM	GreatWorkObjectTypes
WHERE	GreatWorkObjectType IS NOT NULL;
--------------------------------------------------------------

-- BuildingModifiers
--------------------------------------------------------------
DELETE FROM BuildingModifiers WHERE ModifierId='JNR_WORSHIP_FAITH_PERCENTAGE' AND BuildingType IN (SELECT BuildingType FROM Buildings WHERE EnabledByReligion=1);

INSERT OR IGNORE INTO BuildingModifiers
		(BuildingType,				ModifierId)
VALUES	('BUILDING_JNR_CANDI',		'JNR_CANDI_FAITH_ADJACENCY_MOUNTAIN_GRASS'),
		('BUILDING_JNR_CANDI',		'JNR_CANDI_FAITH_ADJACENCY_MOUNTAIN_PLAINS'),
		('BUILDING_JNR_CANDI',		'JNR_CANDI_FAITH_ADJACENCY_MOUNTAIN_DESERT'),
		('BUILDING_JNR_CANDI',		'JNR_CANDI_FAITH_ADJACENCY_MOUNTAIN_TUNDRA'),
		('BUILDING_JNR_CANDI',		'JNR_CANDI_FAITH_ADJACENCY_MOUNTAIN_SNOW'),
		('BUILDING_JNR_DAOGUAN',	'JNR_DAOGUAN_FAITH_ECSTATIC'),
		('BUILDING_JNR_MBARI',		'JNR_MBARI_FAITH_BUILDING_COST'),
		('BUILDING_GURDWARA',		'JNR_GURDWARA_FAITH_UNIT_COST'),
		('BUILDING_JNR_JINJA',		'JNR_JINJA_FAITH_APPEAL_1'),
		('BUILDING_JNR_JINJA',		'JNR_JINJA_FAITH_APPEAL_2'),
		('BUILDING_JNR_JINJA',		'JNR_JINJA_FAITH_APPEAL_3'),
		('BUILDING_JNR_JINJA',		'JNR_JINJA_FAITH_APPEAL_4'),
		('BUILDING_JNR_KHALWAT',	'JNR_KHALWAT_FAITH_ADJACENCY_FOREST'),
		('BUILDING_JNR_KHALWAT',	'JNR_KHALWAT_FAITH_ADJACENCY_JUNGLE'),
		('BUILDING_JNR_KHALWAT',	'JNR_KHALWAT_FAITH_ADJACENCY_DISTRICT'),
		('BUILDING_JNR_MANDIR',		'JNR_MANDIR_FAITH_POPULATION'),
		('BUILDING_MOSQUE',			'JNR_MOSQUE_FAITH_TRADE_DOMESTIC'),
		('BUILDING_MOSQUE',			'JNR_MOSQUE_FAITH_TRADE_INTERNATIONAL'),
		('BUILDING_JNR_SOBOR',		'JNR_SOBOR_FAITH_1_TITLE'),
		('BUILDING_JNR_SOBOR',		'JNR_SOBOR_FAITH_2_TITLE'),
		('BUILDING_JNR_SOBOR',		'JNR_SOBOR_FAITH_3_TITLE'),
		('BUILDING_JNR_SOBOR',		'JNR_SOBOR_FAITH_4_TITLE'),
		('BUILDING_JNR_SOBOR',		'JNR_SOBOR_FAITH_5_TITLE'),
		('BUILDING_JNR_SOBOR',		'JNR_SOBOR_FAITH_6_TITLE'),
		('BUILDING_STUPA',			'JNR_STUPA_FAITH_WONDER'),
		('BUILDING_JNR_TZACUALLI',	'JNR_TZACUALLI_FAITH_KILLS'),
		('BUILDING_WAT',			'JNR_WAT_FAITH_ADJACENCY_MARSH'),
		('BUILDING_WAT',			'JNR_WAT_FAITH_ADJACENCY_OASIS'),
		('BUILDING_WAT',			'JNR_WAT_FAITH_ADJACENCY_FLOODPLAINS_GRASS'),
		('BUILDING_WAT',			'JNR_WAT_FAITH_ADJACENCY_FLOODPLAINS_PLAINS'),		
		('BUILDING_WAT',			'JNR_WAT_FAITH_ADJACENCY_FLOODPLAINS');		

INSERT OR IGNORE INTO BuildingModifiers
		(BuildingType,				ModifierId)
SELECT	'BUILDING_CATHEDRAL',		'JNR_CATHEDRAL_FAITH_' || GreatWorkObjectType
FROM	GreatWorkObjectTypes
WHERE	GreatWorkObjectType IS NOT NULL;

INSERT OR IGNORE INTO BuildingModifiers
		(BuildingType,				ModifierId)
SELECT	BuildingType,				'JNR_PERIPTEROS_FAITH_ENTERTAINMENT'
FROM	Buildings
WHERE	PrereqDistrict='DISTRICT_ENTERTAINMENT_COMPLEX';

INSERT OR IGNORE INTO BuildingModifiers
		(BuildingType,				ModifierId)
SELECT	BuildingType,				'JNR_PERIPTEROS_FAITH_ENTERTAINMENT'
FROM	Buildings
WHERE	PrereqDistrict='DISTRICT_WATER_ENTERTAINMENT_COMPLEX';

UPDATE BuildingModifiers SET BuildingType='BUILDING_MEETING_HOUSE' WHERE BuildingType='BUILDING_MOSQUE' AND ModifierId='MOSQUE_ADJUST_SPREAD_CHARGES';

INSERT OR IGNORE INTO BuildingModifiers
		(BuildingType,				ModifierId)
SELECT	BuildingType,				'JNR_SOBOR_FAITH_CONSULATE'
FROM	Buildings
WHERE	BuildingType='BUILDING_CONSULATE';

INSERT OR IGNORE INTO BuildingModifiers
		(BuildingType,				ModifierId)
SELECT	BuildingType,				'JNR_SOBOR_FAITH_CHANCERY'
FROM	Buildings
WHERE	BuildingType='BUILDING_CHANCERY';
--------------------------------------------------------------

-- DistrictModifiers
--------------------------------------------------------------
INSERT OR IGNORE INTO DistrictModifiers
		(DistrictType,	ModifierId)
SELECT	DistrictType,	'JNR_PAGODA_FAITH_DISTRICTS'
FROM	Districts;
--------------------------------------------------------------

-- AllianceEffects
--------------------------------------------------------------
INSERT OR IGNORE INTO AllianceEffects
		(LevelRequirement,	AllianceType,	ModifierID)
SELECT	1,					AllianceType,	'JNR_PERIPTEROS_FAITH_ALLY_TRADE'
FROM	Alliances
WHERE	AllianceType IS NOT NULL;
--------------------------------------------------------------