--=============================================================================================================
-- RELIGION EXPANDED: NEW FRONTIER PASS CITY-STATE BONUSES 
--=============================================================================================================
-- Add the new Worship Buildings to the 6 Envoy bonus from Religious City-States.
--=============================================================================================================
-- TraitModifiers
---------------------------------------------------------------------------------------------------------------
INSERT INTO TraitModifiers
		(TraitType,						ModifierId)
VALUES	('MINOR_CIV_RELIGIOUS_TRAIT',	'MINOR_CIV_RELIGIOUS_LARGE_INFLUENCE_P0K_BASILICA'),
		('MINOR_CIV_RELIGIOUS_TRAIT',	'MINOR_CIV_RELIGIOUS_LARGE_INFLUENCE_P0K_BETH_MANDA'),
		('MINOR_CIV_RELIGIOUS_TRAIT',	'MINOR_CIV_RELIGIOUS_LARGE_INFLUENCE_P0K_KHALWAT'),
		('MINOR_CIV_RELIGIOUS_TRAIT',	'MINOR_CIV_RELIGIOUS_LARGE_INFLUENCE_P0K_BUTTO'),
		('MINOR_CIV_RELIGIOUS_TRAIT',	'MINOR_CIV_RELIGIOUS_LARGE_INFLUENCE_P0K_DERASAR'),
		('MINOR_CIV_RELIGIOUS_TRAIT',	'MINOR_CIV_RELIGIOUS_LARGE_INFLUENCE_P0K_CANDI'),
		('MINOR_CIV_RELIGIOUS_TRAIT',	'MINOR_CIV_RELIGIOUS_LARGE_INFLUENCE_P0K_SERAPEUM');
---------------------------------------------------------------------------------------------------------------
-- Modifiers
---------------------------------------------------------------------------------------------------------------
INSERT INTO Modifiers
		(ModifierId,											ModifierType,												SubjectRequirementSetId)
VALUES	('MINOR_CIV_RELIGIOUS_LARGE_INFLUENCE_P0K_BASILICA',	'MODIFIER_ALL_PLAYERS_ATTACH_MODIFIER',						'PLAYER_HAS_LARGE_INFLUENCE'),
		('MINOR_CIV_RELIGIOUS_LARGE_INFLUENCE_P0K_BETH_MANDA',	'MODIFIER_ALL_PLAYERS_ATTACH_MODIFIER',						'PLAYER_HAS_LARGE_INFLUENCE'),
		('MINOR_CIV_RELIGIOUS_LARGE_INFLUENCE_P0K_KHALWAT',		'MODIFIER_ALL_PLAYERS_ATTACH_MODIFIER',						'PLAYER_HAS_LARGE_INFLUENCE'),
		('MINOR_CIV_RELIGIOUS_LARGE_INFLUENCE_P0K_BUTTO',		'MODIFIER_ALL_PLAYERS_ATTACH_MODIFIER',						'PLAYER_HAS_LARGE_INFLUENCE'),
		('MINOR_CIV_RELIGIOUS_LARGE_INFLUENCE_P0K_DERASAR',		'MODIFIER_ALL_PLAYERS_ATTACH_MODIFIER',						'PLAYER_HAS_LARGE_INFLUENCE'),
		('MINOR_CIV_RELIGIOUS_LARGE_INFLUENCE_P0K_CANDI',		'MODIFIER_ALL_PLAYERS_ATTACH_MODIFIER',						'PLAYER_HAS_LARGE_INFLUENCE'),
		('MINOR_CIV_RELIGIOUS_LARGE_INFLUENCE_P0K_SERAPEUM',	'MODIFIER_ALL_PLAYERS_ATTACH_MODIFIER',						'PLAYER_HAS_LARGE_INFLUENCE'),

		('MINOR_CIV_RELIGIOUS_YIELD_FOR_P0K_BASILICA',			'MODIFIER_PLAYER_CITIES_ADJUST_BUILDING_YIELD_CHANGE',		NULL),
		('MINOR_CIV_RELIGIOUS_YIELD_FOR_P0K_BETH_MANDA',		'MODIFIER_PLAYER_CITIES_ADJUST_BUILDING_YIELD_CHANGE',		NULL),
		('MINOR_CIV_RELIGIOUS_YIELD_FOR_P0K_KHALWAT',			'MODIFIER_PLAYER_CITIES_ADJUST_BUILDING_YIELD_CHANGE',		NULL),
		('MINOR_CIV_RELIGIOUS_YIELD_FOR_P0K_BUTTO',				'MODIFIER_PLAYER_CITIES_ADJUST_BUILDING_YIELD_CHANGE',		NULL),
		('MINOR_CIV_RELIGIOUS_YIELD_FOR_P0K_DERASAR',			'MODIFIER_PLAYER_CITIES_ADJUST_BUILDING_YIELD_CHANGE',		NULL),
		('MINOR_CIV_RELIGIOUS_YIELD_FOR_P0K_CANDI',				'MODIFIER_PLAYER_CITIES_ADJUST_BUILDING_YIELD_CHANGE',		NULL),
		('MINOR_CIV_RELIGIOUS_YIELD_FOR_P0K_SERAPEUM',			'MODIFIER_PLAYER_CITIES_ADJUST_BUILDING_YIELD_CHANGE',		NULL);
---------------------------------------------------------------------------------------------------------------
-- ModifierArguments
---------------------------------------------------------------------------------------------------------------
INSERT INTO ModifierArguments
		(ModifierId,											Name,				Value)
VALUES	('MINOR_CIV_RELIGIOUS_LARGE_INFLUENCE_P0K_BASILICA',	'ModifierId',		'MINOR_CIV_RELIGIOUS_YIELD_FOR_P0K_BASILICA'),
		('MINOR_CIV_RELIGIOUS_LARGE_INFLUENCE_P0K_BETH_MANDA',	'ModifierId',		'MINOR_CIV_RELIGIOUS_YIELD_FOR_P0K_BETH_MANDA'),
		('MINOR_CIV_RELIGIOUS_LARGE_INFLUENCE_P0K_KHALWAT',		'ModifierId',		'MINOR_CIV_RELIGIOUS_YIELD_FOR_P0K_KHALWAT'),
		('MINOR_CIV_RELIGIOUS_LARGE_INFLUENCE_P0K_BUTTO',		'ModifierId',		'MINOR_CIV_RELIGIOUS_YIELD_FOR_P0K_BUTTO'),
		('MINOR_CIV_RELIGIOUS_LARGE_INFLUENCE_P0K_DERASAR',		'ModifierId',		'MINOR_CIV_RELIGIOUS_YIELD_FOR_P0K_DERASAR'),
		('MINOR_CIV_RELIGIOUS_LARGE_INFLUENCE_P0K_CANDI',		'ModifierId',		'MINOR_CIV_RELIGIOUS_YIELD_FOR_P0K_CANDI'),
		('MINOR_CIV_RELIGIOUS_LARGE_INFLUENCE_P0K_SERAPEUM',	'ModifierId',		'MINOR_CIV_RELIGIOUS_YIELD_FOR_P0K_SERAPEUM'),

		('MINOR_CIV_RELIGIOUS_YIELD_FOR_P0K_BASILICA',			'YieldType',		'YIELD_FAITH'),
		('MINOR_CIV_RELIGIOUS_YIELD_FOR_P0K_BASILICA',			'Amount',			3),
		('MINOR_CIV_RELIGIOUS_YIELD_FOR_P0K_BASILICA',			'BuildingType',		'BUILDING_P0K_BASILICA'),
		('MINOR_CIV_RELIGIOUS_YIELD_FOR_P0K_BASILICA',			'CityStatesOnly',	1),

		('MINOR_CIV_RELIGIOUS_YIELD_FOR_P0K_BETH_MANDA',		'YieldType',		'YIELD_FAITH'),
		('MINOR_CIV_RELIGIOUS_YIELD_FOR_P0K_BETH_MANDA',		'Amount',			3),
		('MINOR_CIV_RELIGIOUS_YIELD_FOR_P0K_BETH_MANDA',		'BuildingType',		'BUILDING_P0K_BETH_MANDA'),
		('MINOR_CIV_RELIGIOUS_YIELD_FOR_P0K_BETH_MANDA',		'CityStatesOnly',	1),

		('MINOR_CIV_RELIGIOUS_YIELD_FOR_P0K_KHALWAT',			'YieldType',		'YIELD_FAITH'),
		('MINOR_CIV_RELIGIOUS_YIELD_FOR_P0K_KHALWAT',			'Amount',			3),
		('MINOR_CIV_RELIGIOUS_YIELD_FOR_P0K_KHALWAT',			'BuildingType',		'BUILDING_P0K_KHALWAT'),
		('MINOR_CIV_RELIGIOUS_YIELD_FOR_P0K_KHALWAT',			'CityStatesOnly',	1),

		('MINOR_CIV_RELIGIOUS_YIELD_FOR_P0K_BUTTO',				'YieldType',		'YIELD_FAITH'),
		('MINOR_CIV_RELIGIOUS_YIELD_FOR_P0K_BUTTO',				'Amount',			3),
		('MINOR_CIV_RELIGIOUS_YIELD_FOR_P0K_BUTTO',				'BuildingType',		'BUILDING_P0K_BUTTO'),
		('MINOR_CIV_RELIGIOUS_YIELD_FOR_P0K_BUTTO',				'CityStatesOnly',	1),

		('MINOR_CIV_RELIGIOUS_YIELD_FOR_P0K_DERASAR',			'YieldType',		'YIELD_FAITH'),
		('MINOR_CIV_RELIGIOUS_YIELD_FOR_P0K_DERASAR',			'Amount',			3),
		('MINOR_CIV_RELIGIOUS_YIELD_FOR_P0K_DERASAR',			'BuildingType',		'BUILDING_P0K_DERASAR'),
		('MINOR_CIV_RELIGIOUS_YIELD_FOR_P0K_DERASAR',			'CityStatesOnly',	1),

		('MINOR_CIV_RELIGIOUS_YIELD_FOR_P0K_CANDI',				'YieldType',		'YIELD_FAITH'),
		('MINOR_CIV_RELIGIOUS_YIELD_FOR_P0K_CANDI',				'Amount',			3),
		('MINOR_CIV_RELIGIOUS_YIELD_FOR_P0K_CANDI',				'BuildingType',		'BUILDING_P0K_CANDI'),
		('MINOR_CIV_RELIGIOUS_YIELD_FOR_P0K_CANDI',				'CityStatesOnly',	1),

		('MINOR_CIV_RELIGIOUS_YIELD_FOR_P0K_SERAPEUM',			'YieldType',		'YIELD_FAITH'),
		('MINOR_CIV_RELIGIOUS_YIELD_FOR_P0K_SERAPEUM',			'Amount',			3),
		('MINOR_CIV_RELIGIOUS_YIELD_FOR_P0K_SERAPEUM',			'BuildingType',		'BUILDING_P0K_SERAPEUM'),
		('MINOR_CIV_RELIGIOUS_YIELD_FOR_P0K_SERAPEUM',			'CityStatesOnly',	1);
