--=============================================================================================================
-- RELIGION EXPANDED: PANTHEONS
--=============================================================================================================
-- Types
---------------------------------------------------------------------------------------------------------------
INSERT INTO Types 
		(Type,									Kind)
VALUES	('BELIEF_P0K_CHTHONIC_CULT',			'KIND_BELIEF'),
		('BELIEF_P0K_TUNDRA_SPIRITS',			'KIND_BELIEF'),
		('BELIEF_P0K_DESERT_MIRACLES',			'KIND_BELIEF'),
		('BELIEF_P0K_RAINFOREST_RITUALS',		'KIND_BELIEF'), 
		('BELIEF_P0K_HALLOWED_GROVES',			'KIND_BELIEF'), 
		('BELIEF_P0K_PRIMORDIAL_WATERS',		'KIND_BELIEF'),
		('BELIEF_P0K_MESSENGER_GOD',			'KIND_BELIEF'), 
		('BELIEF_P0K_SACRED_EMISSARIES',		'KIND_BELIEF'), 
		('BELIEF_P0K_GODDESS_OF_CALM_WATERS',	'KIND_BELIEF'),
		('BELIEF_P0K_ANIMAL_WORSHIP',			'KIND_BELIEF'), 
		('BELIEF_P0K_VOTIVE_OFFERINGS',			'KIND_BELIEF'), 
		('BELIEF_P0K_GOD_OF_METALLURGY',		'KIND_BELIEF'),
		('BELIEF_P0K_SUN_GOD',					'KIND_BELIEF');
---------------------------------------------------------------------------------------------------------------
-- Beliefs
---------------------------------------------------------------------------------------------------------------
INSERT INTO Beliefs		
		(BeliefType,							Name,											Description,											BeliefClassType) 
VALUES	('BELIEF_P0K_CHTHONIC_CULT',			'LOC_BELIEF_P0K_CHTHONIC_CULT_NAME',			'LOC_BELIEF_P0K_CHTHONIC_CULT_DESCRIPTION',				'BELIEF_CLASS_PANTHEON'),
		('BELIEF_P0K_TUNDRA_SPIRITS',			'LOC_POK_BELIEF_TUNDRA_SPIRITS_NAME',			'LOC_POK_BELIEF_TUNDRA_SPIRITS_DESCRIPTION',			'BELIEF_CLASS_PANTHEON'),
		('BELIEF_P0K_DESERT_MIRACLES',			'LOC_POK_BELIEF_DESERT_MIRACLES_NAME',			'LOC_POK_BELIEF_DESERT_MIRACLES_DESCRIPTION',			'BELIEF_CLASS_PANTHEON'),
		('BELIEF_P0K_RAINFOREST_RITUALS',		'LOC_POK_BELIEF_RAINFOREST_RITUALS_NAME',		'LOC_POK_BELIEF_RAINFOREST_RITUALS_DESCRIPTION',		'BELIEF_CLASS_PANTHEON'),
		('BELIEF_P0K_HALLOWED_GROVES',			'LOC_POK_BELIEF_HALLOWED_GROVES_NAME',			'LOC_POK_BELIEF_HALLOWED_GROVES_DESCRIPTION',			'BELIEF_CLASS_PANTHEON'),
		('BELIEF_P0K_PRIMORDIAL_WATERS',		'LOC_BELIEF_P0K_PRIMORDIAL_WATERS_NAME',		'LOC_BELIEF_P0K_PRIMORDIAL_WATERS_DESCRIPTION',			'BELIEF_CLASS_PANTHEON'),
		('BELIEF_P0K_MESSENGER_GOD',			'LOC_POK_BELIEF_MESSENGER_GOD_NAME',			'LOC_POK_BELIEF_MESSENGER_GOD_DESCRIPTION',				'BELIEF_CLASS_PANTHEON'),
		('BELIEF_P0K_SACRED_EMISSARIES',		'LOC_POK_BELIEF_SACRED_EMISSARIES_NAME',		'LOC_POK_BELIEF_SACRED_EMISSARIES_DESCRIPTION',			'BELIEF_CLASS_PANTHEON'),
		('BELIEF_P0K_GODDESS_OF_CALM_WATERS',	'LOC_POK_BELIEF_GODDESS_OF_CALM_WATERS_NAME',	'LOC_POK_BELIEF_GODDESS_OF_CALM_WATERS_DESCRIPTION',	'BELIEF_CLASS_PANTHEON'),
		('BELIEF_P0K_ANIMAL_WORSHIP',			'LOC_POK_BELIEF_ANIMAL_WORSHIP_NAME',			'LOC_POK_BELIEF_ANIMAL_WORSHIP_DESCRIPTION',			'BELIEF_CLASS_PANTHEON'),
		('BELIEF_P0K_VOTIVE_OFFERINGS',			'LOC_POK_BELIEF_VOTIVE_OFFERINGS_NAME',			'LOC_POK_BELIEF_VOTIVE_OFFERINGS_DESCRIPTION',			'BELIEF_CLASS_PANTHEON'),
		('BELIEF_P0K_GOD_OF_METALLURGY',		'LOC_POK_BELIEF_GOD_OF_METALLURGY_NAME',		'LOC_POK_BELIEF_GOD_OF_METALLURGY_DESCRIPTION',			'BELIEF_CLASS_PANTHEON'),
		('BELIEF_P0K_SUN_GOD',					'LOC_POK_BELIEF_SUN_GOD_NAME',					'LOC_POK_BELIEF_SUN_GOD_DESCRIPTION',					'BELIEF_CLASS_PANTHEON');
---------------------------------------------------------------------------------------------------------------
-- BeliefModifiers
---------------------------------------------------------------------------------------------------------------
INSERT INTO BeliefModifiers 
		(BeliefType,							ModifierId) 
VALUES	('BELIEF_P0K_CHTHONIC_CULT',			'P0K_CHTHONIC_CULT_APPEAL_SCIENCE'),
		('BELIEF_P0K_TUNDRA_SPIRITS',			'P0K_TUNDRA_SPIRITS_CULTURE'),	
		('BELIEF_P0K_DESERT_MIRACLES',			'P0K_DESERT_MIRACLES_FAITH'),
		('BELIEF_P0K_RAINFOREST_RITUALS',		'P0K_RAINFOREST_RITUALS_CULTURE'),
		('BELIEF_P0K_HALLOWED_GROVES',			'P0K_HALLOWED_GROVES_FAITH'),
		('BELIEF_P0K_PRIMORDIAL_WATERS',		'P0K_PRIMORDIAL_WATERS_AMENITIES'),
		('BELIEF_P0K_PRIMORDIAL_WATERS',		'P0K_PRIMORDIAL_WATERS_HOUSING'),
		('BELIEF_P0K_MESSENGER_GOD',			'P0K_MESSENGER_GOD_TRADE_ROUTE'),
		('BELIEF_P0K_MESSENGER_GOD',			'P0K_MESSENGER_GOD_TRADER'),
		('BELIEF_P0K_MESSENGER_GOD',			'P0K_MESSENGER_GOD_TRADE_GOLD'),
		('BELIEF_P0K_SACRED_EMISSARIES',		'P0K_SACRED_EMISSARIES_ENVOYS'),
		('BELIEF_P0K_SACRED_EMISSARIES',		'P0K_SACRED_EMISSARIES_INFLUENCE_POINT'),
		('BELIEF_P0K_GODDESS_OF_CALM_WATERS',	'P0K_GODDESS_OF_CALM_WATERS_FISHING_BOATS_FAITH'),
		('BELIEF_P0K_ANIMAL_WORSHIP',			'P0K_ANIMAL_WORSHIP_CAMP_CULTURE'),
		('BELIEF_P0K_VOTIVE_OFFERINGS',			'P0K_VOTIVE_OFFERINGS_CULTURE'),
		('BELIEF_P0K_GOD_OF_METALLURGY',		'P0K_GOD_OF_METALLURGY_LUXURY_MINE_SCIENCE'),
		('BELIEF_P0K_GOD_OF_METALLURGY',		'P0K_GOD_OF_METALLURGY_BONUS_MINE_SCIENCE'),
		('BELIEF_P0K_SUN_GOD',					'P0K_SUN_GOD_FOOD'),
		('BELIEF_P0K_SUN_GOD',					'P0K_SUN_GOD_PRODUCTION');
---------------------------------------------------------------------------------------------------------------
-- Requirements
---------------------------------------------------------------------------------------------------------------
INSERT INTO Requirements
		(RequirementId,										RequirementType)
VALUES	('P0K_RELIGION_REQUIRES_PLOT_BREATHTAKING_APPEAL',	'REQUIREMENT_PLOT_IS_APPEAL_BETWEEN');
---------------------------------------------------------------------------------------------------------------
-- RequirementArguments
---------------------------------------------------------------------------------------------------------------
INSERT INTO RequirementArguments
		(RequirementId,										Name,				Value)
VALUES	('P0K_RELIGION_REQUIRES_PLOT_BREATHTAKING_APPEAL',	'MinimumAppeal',	4);
---------------------------------------------------------------------------------------------------------------
-- RequirementSets
---------------------------------------------------------------------------------------------------------------
INSERT INTO RequirementSets
		(RequirementSetId,							RequirementSetType)
VALUES	('P0K_RELIGION_PLOT_BREATHTAKING_APPEAL',	'REQUIREMENTSET_TEST_ALL'),
		('P0K_RELIGION_PLOT_HAS_TUNDRA',			'REQUIREMENTSET_TEST_ANY'),
		('P0K_RELIGION_PLOT_HAS_DESERT',			'REQUIREMENTSET_TEST_ANY'),
		('P0K_RELIGION_PLOT_HAS_WOODS',				'REQUIREMENTSET_TEST_ALL'),
		('P0K_RELIGION_PLOT_HAS_HOLY_SITE_COAST',	'REQUIREMENTSET_TEST_ALL'),
		('P0K_RELIGION_PLOT_HAS_BONUS_FARM',		'REQUIREMENTSET_TEST_ALL');
---------------------------------------------------------------------------------------------------------------
-- RequirementSetRequirements
---------------------------------------------------------------------------------------------------------------
INSERT INTO RequirementSetRequirements
		(RequirementSetId,							RequirementId)
VALUES	('P0K_RELIGION_PLOT_BREATHTAKING_APPEAL',	'P0K_RELIGION_REQUIRES_PLOT_BREATHTAKING_APPEAL'),
		('P0K_RELIGION_PLOT_HAS_TUNDRA',			'REQUIRES_PLOT_HAS_TUNDRA'),
		('P0K_RELIGION_PLOT_HAS_TUNDRA',			'REQUIRES_PLOT_HAS_TUNDRA_HILLS'),
		('P0K_RELIGION_PLOT_HAS_DESERT',			'REQUIRES_PLOT_HAS_DESERT'),
		('P0K_RELIGION_PLOT_HAS_DESERT',			'REQUIRES_PLOT_HAS_DESERT_HILLS'),
		('P0K_RELIGION_PLOT_HAS_WOODS',				'PLOT_IS_FOREST_REQUIREMENT'),
		('P0K_RELIGION_PLOT_HAS_HOLY_SITE_COAST',	'REQUIRES_PLOT_HAS_HOLY_SITE'),
		('P0K_RELIGION_PLOT_HAS_HOLY_SITE_COAST',	'REQUIRES_PLOT_IS_ADJACENT_TO_COAST'),
		('P0K_RELIGION_PLOT_HAS_BONUS_FARM',		'REQUIRES_PLOT_HAS_BONUS'),
		('P0K_RELIGION_PLOT_HAS_BONUS_FARM',		'REQUIRES_PLOT_HAS_FARM');
---------------------------------------------------------------------------------------------------------------
-- Modifiers
---------------------------------------------------------------------------------------------------------------
INSERT INTO Modifiers 
		(ModifierId,												ModifierType,												RunOnce,	Permanent,	SubjectRequirementSetId) 
VALUES	('P0K_CHTHONIC_CULT_APPEAL_SCIENCE',						'MODIFIER_ALL_CITIES_ATTACH_MODIFIER',						0,			0,			'CITY_FOLLOWS_PANTHEON_REQUIREMENTS'),
		('P0K_CHTHONIC_CULT_APPEAL_SCIENCE_MODIFIER',				'MODIFIER_CITY_PLOT_YIELDS_ADJUST_PLOT_YIELD',				0,			0,			'P0K_RELIGION_PLOT_BREATHTAKING_APPEAL'),
		('P0K_TUNDRA_SPIRITS_CULTURE',								'MODIFIER_ALL_CITIES_ATTACH_MODIFIER',						0,			0,			'CITY_FOLLOWS_PANTHEON_REQUIREMENTS'),
		('P0K_TUNDRA_SPIRITS_CULTURE_MODIFIER',						'MODIFIER_CITY_PLOT_YIELDS_ADJUST_PLOT_YIELD',				0,			0,			'P0K_RELIGION_PLOT_HAS_TUNDRA'),
		('P0K_DESERT_MIRACLES_FAITH',								'MODIFIER_ALL_CITIES_ATTACH_MODIFIER',						0,			0,			'CITY_FOLLOWS_PANTHEON_REQUIREMENTS'),
		('P0K_DESERT_MIRACLES_FAITH_MODIFIER',						'MODIFIER_CITY_PLOT_YIELDS_ADJUST_PLOT_YIELD',				0,			0,			'P0K_RELIGION_PLOT_HAS_DESERT'),
		('P0K_RAINFOREST_RITUALS_CULTURE',							'MODIFIER_ALL_CITIES_ATTACH_MODIFIER',						0,			0,			'CITY_FOLLOWS_PANTHEON_REQUIREMENTS'),
		('P0K_RAINFOREST_RITUALS_CULTURE_MODIFIER',					'MODIFIER_CITY_PLOT_YIELDS_ADJUST_PLOT_YIELD',				0,			0,			'PLOT_HAS_JUNGLE_REQUIREMENTS'),
		('P0K_HALLOWED_GROVES_FAITH',								'MODIFIER_ALL_CITIES_ATTACH_MODIFIER',						0,			0,			'CITY_FOLLOWS_PANTHEON_REQUIREMENTS'),
		('P0K_HALLOWED_GROVES_FAITH_MODIFIER',						'MODIFIER_CITY_PLOT_YIELDS_ADJUST_PLOT_YIELD',				0,			0,			'P0K_RELIGION_PLOT_HAS_WOODS'),
		('P0K_PRIMORDIAL_WATERS_AMENITIES',							'MODIFIER_ALL_CITIES_ATTACH_MODIFIER',						0,			0,			'CITY_FOLLOWS_PANTHEON_REQUIREMENTS'),
		('P0K_PRIMORDIAL_WATERS_AMENITIES_MODIFIER',				'MODIFIER_CITY_DISTRICTS_ADJUST_DISTRICT_AMENITY',			0,			0,			'P0K_RELIGION_PLOT_HAS_HOLY_SITE_COAST'),
		('P0K_PRIMORDIAL_WATERS_HOUSING',							'MODIFIER_ALL_CITIES_ATTACH_MODIFIER',						0,			0,			'CITY_FOLLOWS_PANTHEON_REQUIREMENTS'),
		('P0K_PRIMORDIAL_WATERS_HOUSING_MODIFIER',					'MODIFIER_CITY_DISTRICTS_ADJUST_DISTRICT_HOUSING',			0,			0,			'P0K_RELIGION_PLOT_HAS_HOLY_SITE_COAST'),
		('P0K_MESSENGER_GOD_TRADE_ROUTE',							'MODIFIER_ALL_PLAYERS_ATTACH_MODIFIER',						0,			0,			'PLAYER_HAS_PANTHEON_REQUIREMENTS'),	
		('P0K_MESSENGER_GOD_TRADE_ROUTE_MODIFIER',					'MODIFIER_PLAYER_ADJUST_TRADE_ROUTE_CAPACITY',				0,			0,			NULL),
		('P0K_MESSENGER_GOD_TRADER',								'MODIFIER_ALL_PLAYERS_ATTACH_MODIFIER',						0,			0,			'PLAYER_HAS_PANTHEON_REQUIREMENTS'),	
		('P0K_MESSENGER_GOD_TRADER_MODIFIER',						'MODIFIER_PLAYER_GRANT_UNIT_IN_CAPITAL',					1,			1,			NULL),
		('P0K_MESSENGER_GOD_TRADE_GOLD',							'MODIFIER_ALL_PLAYERS_ATTACH_MODIFIER',						0,			0,			'PLAYER_HAS_PANTHEON_REQUIREMENTS'),
		('P0K_MESSENGER_GOD_TRADE_GOLD_MODIFIER',					'MODIFIER_PLAYER_ADJUST_TRADE_ROUTE_YIELD',					0,			0,			NULL),
		('P0K_SACRED_EMISSARIES_ENVOYS',							'MODIFIER_ALL_PLAYERS_ATTACH_MODIFIER',						0,			0,			'PLAYER_HAS_PANTHEON_REQUIREMENTS'),
		('P0K_SACRED_EMISSARIES_ENVOYS_MODIFIER',					'MODIFIER_PLAYER_GRANT_INFLUENCE_TOKEN',					1,			1,			NULL),
		('P0K_SACRED_EMISSARIES_INFLUENCE_POINT',					'MODIFIER_ALL_PLAYERS_ATTACH_MODIFIER',						0,			0,			'PLAYER_HAS_PANTHEON_REQUIREMENTS'),	
		('P0K_SACRED_EMISSARIES_INFLUENCE_POINT_MODIFIER',			'MODIFIER_PLAYER_ADJUST_INFLUENCE_POINTS_PER_TURN',			0,			0,			NULL),
		('P0K_GODDESS_OF_CALM_WATERS_FISHING_BOATS_FAITH',			'MODIFIER_ALL_CITIES_ATTACH_MODIFIER',						0,			0,			'CITY_FOLLOWS_PANTHEON_REQUIREMENTS'),
		('P0K_GODDESS_OF_CALM_WATERS_FISHING_BOATS_FAITH_MODIFIER',	'MODIFIER_CITY_PLOT_YIELDS_ADJUST_PLOT_YIELD',				0,			0,			'PLOT_HAS_FISHINGBOATS_REQUIREMENTS'),
		('P0K_ANIMAL_WORSHIP_CAMP_CULTURE',							'MODIFIER_ALL_CITIES_ATTACH_MODIFIER',						0,			0,			'CITY_FOLLOWS_PANTHEON_REQUIREMENTS'),
		('P0K_ANIMAL_WORSHIP_CAMP_CULTURE_MODIFIER',				'MODIFIER_CITY_PLOT_YIELDS_ADJUST_PLOT_YIELD',				0,			0,			'PLOT_HAS_CAMP_REQUIREMENTS'),
		('P0K_VOTIVE_OFFERINGS_CULTURE',							'MODIFIER_ALL_CITIES_ATTACH_MODIFIER',						0,			0,			'CITY_FOLLOWS_PANTHEON_REQUIREMENTS'),
		('P0K_VOTIVE_OFFERINGS_CULTURE_MODIFIER',					'MODIFIER_CITY_PLOT_YIELDS_ADJUST_PLOT_YIELD',				0,			0,			'PLOT_HAS_QUARRY_REQUIREMENTS'),
		('P0K_GOD_OF_METALLURGY_LUXURY_MINE_SCIENCE',				'MODIFIER_ALL_CITIES_ATTACH_MODIFIER',						0,			0,			'CITY_FOLLOWS_PANTHEON_REQUIREMENTS'),
		('P0K_GOD_OF_METALLURGY_LUXURY_MINE_SCIENCE_MODIFIER',		'MODIFIER_CITY_PLOT_YIELDS_ADJUST_PLOT_YIELD',				0,			0,			'PLOT_HAS_LUXURY_MINE_REQUIREMENTS'),
		('P0K_GOD_OF_METALLURGY_BONUS_MINE_SCIENCE',				'MODIFIER_ALL_CITIES_ATTACH_MODIFIER',						0,			0,			'CITY_FOLLOWS_PANTHEON_REQUIREMENTS'),
		('P0K_GOD_OF_METALLURGY_BONUS_MINE_SCIENCE_MODIFIER',		'MODIFIER_CITY_PLOT_YIELDS_ADJUST_PLOT_YIELD',				0,			0,			'PLOT_HAS_BONUS_MINE_REQUIREMENTS'),
		('P0K_SUN_GOD_FOOD',										'MODIFIER_ALL_CITIES_ATTACH_MODIFIER',						0,			0,			'CITY_FOLLOWS_PANTHEON_REQUIREMENTS'),
		('P0K_SUN_GOD_FOOD_MODIFIER',								'MODIFIER_CITY_PLOT_YIELDS_ADJUST_PLOT_YIELD',				0,			0,			'P0K_RELIGION_PLOT_HAS_BONUS_FARM'),
		('P0K_SUN_GOD_PRODUCTION',									'MODIFIER_ALL_CITIES_ATTACH_MODIFIER',						0,			0,			'CITY_FOLLOWS_PANTHEON_REQUIREMENTS'),
		('P0K_SUN_GOD_PRODUCTION_MODIFIER',							'MODIFIER_CITY_PLOT_YIELDS_ADJUST_PLOT_YIELD',				0,			0,			'P0K_RELIGION_PLOT_HAS_BONUS_FARM');
---------------------------------------------------------------------------------------------------------------
--ModifierArguments
---------------------------------------------------------------------------------------------------------------
INSERT INTO ModifierArguments 
		(ModifierId,												Name,					Value)
VALUES	('P0K_CHTHONIC_CULT_APPEAL_SCIENCE',						'ModifierId',			'P0K_CHTHONIC_CULT_APPEAL_SCIENCE_MODIFIER'),
		('P0K_CHTHONIC_CULT_APPEAL_SCIENCE_MODIFIER',				'YieldType',			'YIELD_SCIENCE'),
		('P0K_CHTHONIC_CULT_APPEAL_SCIENCE_MODIFIER',				'Amount',				1),
		('P0K_TUNDRA_SPIRITS_CULTURE',								'ModifierId',			'P0K_TUNDRA_SPIRITS_CULTURE_MODIFIER'),
		('P0K_TUNDRA_SPIRITS_CULTURE_MODIFIER',						'YieldType',			'YIELD_CULTURE'),
		('P0K_TUNDRA_SPIRITS_CULTURE_MODIFIER',						'Amount',				1),
		('P0K_DESERT_MIRACLES_FAITH',								'ModifierId',			'P0K_DESERT_MIRACLES_FAITH_MODIFIER'),
		('P0K_DESERT_MIRACLES_FAITH_MODIFIER',						'YieldType',			'YIELD_FAITH'),
		('P0K_DESERT_MIRACLES_FAITH_MODIFIER',						'Amount',				1),
		('P0K_RAINFOREST_RITUALS_CULTURE',							'ModifierId',			'P0K_RAINFOREST_RITUALS_CULTURE_MODIFIER'),
		('P0K_RAINFOREST_RITUALS_CULTURE_MODIFIER',					'YieldType',			'YIELD_CULTURE'),
		('P0K_RAINFOREST_RITUALS_CULTURE_MODIFIER',					'Amount',				1),
		('P0K_HALLOWED_GROVES_FAITH',								'ModifierId',			'P0K_HALLOWED_GROVES_FAITH_MODIFIER'),
		('P0K_HALLOWED_GROVES_FAITH_MODIFIER',						'YieldType',			'YIELD_FAITH'),
		('P0K_HALLOWED_GROVES_FAITH_MODIFIER',						'Amount',				1),
		('P0K_PRIMORDIAL_WATERS_AMENITIES',							'ModifierId',			'P0K_PRIMORDIAL_WATERS_AMENITIES_MODIFIER'),
		('P0K_PRIMORDIAL_WATERS_AMENITIES_MODIFIER',				'Amount',				2),
		('P0K_PRIMORDIAL_WATERS_HOUSING',							'ModifierId',			'P0K_PRIMORDIAL_WATERS_HOUSING_MODIFIER'),
		('P0K_PRIMORDIAL_WATERS_HOUSING_MODIFIER',					'Amount',				2),
		('P0K_MESSENGER_GOD_TRADE_ROUTE',							'ModifierId',			'P0K_MESSENGER_GOD_TRADE_ROUTE_MODIFIER'),
		('P0K_MESSENGER_GOD_TRADE_ROUTE_MODIFIER',					'Amount',				1),
		('P0K_MESSENGER_GOD_TRADER',								'ModifierId',			'P0K_MESSENGER_GOD_TRADER_MODIFIER'),
		('P0K_MESSENGER_GOD_TRADER_MODIFIER',						'UnitType',				'UNIT_TRADER'),
		('P0K_MESSENGER_GOD_TRADER_MODIFIER',						'AllowUniqueOverride',	0),
		('P0K_MESSENGER_GOD_TRADER_MODIFIER',						'Amount',				1),
		('P0K_MESSENGER_GOD_TRADE_GOLD',							'ModifierId',			'P0K_MESSENGER_GOD_TRADE_GOLD_MODIFIER'),
		('P0K_MESSENGER_GOD_TRADE_GOLD_MODIFIER',					'YieldType',			'YIELD_GOLD'),
		('P0K_MESSENGER_GOD_TRADE_GOLD_MODIFIER',					'Amount',				1),
		('P0K_SACRED_EMISSARIES_ENVOYS',							'ModifierId',			'P0K_SACRED_EMISSARIES_ENVOYS_MODIFIER'),
		('P0K_SACRED_EMISSARIES_ENVOYS_MODIFIER',					'Amount',				2),
		('P0K_SACRED_EMISSARIES_INFLUENCE_POINT',					'ModifierId',			'P0K_SACRED_EMISSARIES_INFLUENCE_POINT_MODIFIER'),
		('P0K_SACRED_EMISSARIES_INFLUENCE_POINT_MODIFIER',			'Amount',				1),
		('P0K_GODDESS_OF_CALM_WATERS_FISHING_BOATS_FAITH',			'ModifierId',			'P0K_GODDESS_OF_CALM_WATERS_FISHING_BOATS_FAITH_MODIFIER'),
		('P0K_GODDESS_OF_CALM_WATERS_FISHING_BOATS_FAITH_MODIFIER',	'YieldType',			'YIELD_FAITH'),
		('P0K_GODDESS_OF_CALM_WATERS_FISHING_BOATS_FAITH_MODIFIER',	'Amount',				1),
		('P0K_ANIMAL_WORSHIP_CAMP_CULTURE',							'ModifierId',			'P0K_ANIMAL_WORSHIP_CAMP_CULTURE_MODIFIER'),
		('P0K_ANIMAL_WORSHIP_CAMP_CULTURE_MODIFIER',				'YieldType',			'YIELD_CULTURE'),
		('P0K_ANIMAL_WORSHIP_CAMP_CULTURE_MODIFIER',				'Amount',				1),
		('P0K_VOTIVE_OFFERINGS_CULTURE',							'ModifierId',			'P0K_VOTIVE_OFFERINGS_CULTURE_MODIFIER'),
		('P0K_VOTIVE_OFFERINGS_CULTURE_MODIFIER',					'YieldType',			'YIELD_CULTURE'),
		('P0K_VOTIVE_OFFERINGS_CULTURE_MODIFIER',					'Amount',				1),
		('P0K_GOD_OF_METALLURGY_LUXURY_MINE_SCIENCE',				'ModifierId',			'P0K_GOD_OF_METALLURGY_LUXURY_MINE_SCIENCE_MODIFIER'),
		('P0K_GOD_OF_METALLURGY_LUXURY_MINE_SCIENCE_MODIFIER',		'YieldType',			'YIELD_SCIENCE'),
		('P0K_GOD_OF_METALLURGY_LUXURY_MINE_SCIENCE_MODIFIER',		'Amount',				1),
		('P0K_GOD_OF_METALLURGY_BONUS_MINE_SCIENCE',				'ModifierId',			'P0K_GOD_OF_METALLURGY_BONUS_MINE_SCIENCE_MODIFIER'),
		('P0K_GOD_OF_METALLURGY_BONUS_MINE_SCIENCE_MODIFIER',		'YieldType',			'YIELD_SCIENCE'),
		('P0K_GOD_OF_METALLURGY_BONUS_MINE_SCIENCE_MODIFIER',		'Amount',				1),
		('P0K_SUN_GOD_FOOD',										'ModifierId',			'P0K_SUN_GOD_FOOD_MODIFIER'),
		('P0K_SUN_GOD_FOOD_MODIFIER',								'YieldType',			'YIELD_FOOD'),
		('P0K_SUN_GOD_FOOD_MODIFIER',								'Amount',				1),
		('P0K_SUN_GOD_PRODUCTION',									'ModifierId',			'P0K_SUN_GOD_PRODUCTION_MODIFIER'),
		('P0K_SUN_GOD_PRODUCTION_MODIFIER',							'YieldType',			'YIELD_PRODUCTION'),
		('P0K_SUN_GOD_PRODUCTION_MODIFIER',							'Amount',				1);