-- UC_REL_Misc
-- Author: JNR
--------------------------------------------------------------

----------------------------------------------------------------------------------------------------------------------------
-- Beliefs
----------------------------------------------------------------------------------------------------------------------------

-- Beliefs
--------------------------------------------------------------
UPDATE Beliefs SET Description='LOC_BELIEF_CHORAL_MUSIC_DESCRIPTION_JNR_UC'		WHERE BeliefType='BELIEF_CHORAL_MUSIC';
UPDATE Beliefs SET Description='LOC_BELIEF_FEED_THE_WORLD_DESCRIPTION_JNR_UC'	WHERE BeliefType='BELIEF_FEED_THE_WORLD';
UPDATE Beliefs SET Description='LOC_BELIEF_ZEN_MEDITATION_DESCRIPTION_JNR_UC'	WHERE BeliefType='BELIEF_ZEN_MEDITATION';
--------------------------------------------------------------

-- Modifiers
--------------------------------------------------------------
UPDATE Modifiers SET SubjectRequirementSetId='CITY_FOLLOWS_RELIGION_HAS_HOLY_SITE_TIER1_JNR'	WHERE ModifierId='FEED_THE_WORLD_SHRINE_HOUSING';
UPDATE Modifiers SET SubjectRequirementSetId='CITY_FOLLOWS_RELIGION_HAS_HOLY_SITE_TIER2_JNR'	WHERE ModifierId='FEED_THE_WORLD_TEMPLE_HOUSING';

UPDATE Modifiers SET SubjectRequirementSetId='BUILDING_IS_HOLY_SITE_TIER1_JNR'					WHERE ModifierId='RELIGIOUS_COMMUNITY_SHRINE_TRADING_MODIFIER';
UPDATE Modifiers SET SubjectRequirementSetId='BUILDING_IS_HOLY_SITE_TIER2_JNR'					WHERE ModifierId='RELIGIOUS_COMMUNITY_TEMPLE_TRADING_MODIFIER';

INSERT OR IGNORE INTO Modifiers
		(ModifierId,									ModifierType,														SubjectRequirementSetId)
VALUES	('JNR_CHORAL_MUSIC_ALTAR_CULTURE',				'MODIFIER_ALL_CITIES_ATTACH_MODIFIER',								'CITY_FOLLOWS_RELIGION_REQUIREMENTS'),
		('JNR_CHORAL_MUSIC_ALTAR_CULTURE_MODIFIER',		'MODIFIER_BUILDING_YIELD_CHANGE',									NULL),
		('JNR_CHORAL_MUSIC_MONASTERY_CULTURE',			'MODIFIER_ALL_CITIES_ATTACH_MODIFIER',								'CITY_FOLLOWS_RELIGION_REQUIREMENTS'),
		('JNR_CHORAL_MUSIC_MONASTERY_CULTURE_MODIFIER',	'MODIFIER_BUILDING_YIELD_CHANGE',									NULL),
		('JNR_CHORAL_MUSIC_HOSPITIUM_CULTURE',			'MODIFIER_ALL_CITIES_ATTACH_MODIFIER',								'CITY_FOLLOWS_RELIGION_REQUIREMENTS'),
		('JNR_CHORAL_MUSIC_HOSPITIUM_CULTURE_MODIFIER',	'MODIFIER_BUILDING_YIELD_CHANGE',									NULL),
		('JNR_CHORAL_MUSIC_GARDEN_CULTURE',				'MODIFIER_ALL_CITIES_ATTACH_MODIFIER',								'CITY_FOLLOWS_RELIGION_REQUIREMENTS'),
		('JNR_CHORAL_MUSIC_GARDEN_CULTURE_MODIFIER',	'MODIFIER_BUILDING_YIELD_CHANGE',									NULL),
		('JNR_FEED_THE_WORLD_ALTAR_FOOD3',				'MODIFIER_ALL_CITIES_ATTACH_MODIFIER',								'CITY_FOLLOWS_RELIGION_REQUIREMENTS'),
		('JNR_FEED_THE_WORLD_ALTAR_FOOD3_MODIFIER',		'MODIFIER_BUILDING_YIELD_CHANGE',									NULL),
		('JNR_FEED_THE_WORLD_MONASTERY_FOOD3',			'MODIFIER_ALL_CITIES_ATTACH_MODIFIER',								'CITY_FOLLOWS_RELIGION_REQUIREMENTS'),
		('JNR_FEED_THE_WORLD_MONASTERY_FOOD3_MODIFIER',	'MODIFIER_BUILDING_YIELD_CHANGE',									NULL),
		('JNR_FEED_THE_WORLD_HOSPITIUM_FOOD3',			'MODIFIER_ALL_CITIES_ATTACH_MODIFIER',								'CITY_FOLLOWS_RELIGION_REQUIREMENTS'),
		('JNR_FEED_THE_WORLD_HOSPITIUM_FOOD3_MODIFIER',	'MODIFIER_BUILDING_YIELD_CHANGE',									NULL),
		('JNR_FEED_THE_WORLD_GARDEN_FOOD3',				'MODIFIER_ALL_CITIES_ATTACH_MODIFIER',								'CITY_FOLLOWS_RELIGION_REQUIREMENTS'),
		('JNR_FEED_THE_WORLD_GARDEN_FOOD3_MODIFIER',	'MODIFIER_BUILDING_YIELD_CHANGE',									NULL),
		('JNR_FEED_THE_WORLD_GARDEN_HOUSING',			'MODIFIER_ALL_CITIES_ATTACH_MODIFIER',								'CITY_FOLLOWS_RELIGION_HAS_HOLY_SITE_TIER4_JNR'),
		('JNR_FEED_THE_WORLD_GARDEN_HOUSING_MODIFIER',	'MODIFIER_SINGLE_CITY_ADJUST_BUILDING_HOUSING',						NULL),
		('JNR_ZEN_MEDITATION_SHRINE_AMENITY',			'MODIFIER_ALL_CITIES_ATTACH_MODIFIER',								'CITY_FOLLOWS_RELIGION_HAS_HOLY_SITE_TIER1_JNR'),
		('JNR_ZEN_MEDITATION_SHRINE_AMENITY_MODIFIER',	'MODIFIER_SINGLE_CITY_ADJUST_CITY_AMENITIES_FROM_RELIGION',			NULL),
		('JNR_ZEN_MEDITATION_TEMPLE_AMENITY',			'MODIFIER_ALL_CITIES_ATTACH_MODIFIER',								'CITY_FOLLOWS_RELIGION_HAS_HOLY_SITE_TIER2_JNR'),
		('JNR_ZEN_MEDITATION_TEMPLE_AMENITY_MODIFIER',	'MODIFIER_SINGLE_CITY_ADJUST_CITY_AMENITIES_FROM_RELIGION',			NULL),
		('JNR_ZEN_MEDITATION_GARDEN_AMENITY',			'MODIFIER_ALL_CITIES_ATTACH_MODIFIER',								'CITY_FOLLOWS_RELIGION_HAS_HOLY_SITE_TIER4_JNR'),
		('JNR_ZEN_MEDITATION_GARDEN_AMENITY_MODIFIER',	'MODIFIER_SINGLE_CITY_ADJUST_CITY_AMENITIES_FROM_RELIGION',			NULL),
		('RELIGIOUS_COMMUNITY_GARDEN_TRADING',			'MODIFIER_ALL_CITIES_ATTACH_MODIFIER',								'CITY_FOLLOWS_RELIGION_REQUIREMENTS'),
		('RELIGIOUS_COMMUNITY_GARDEN_TRADING_MODIFIER',	'MODIFIER_SINGLE_CITY_ADJUST_TRADE_ROUTE_YIELD_FOR_INTERNATIONAL',	'BUILDING_IS_HOLY_SITE_TIER4_JNR');
--------------------------------------------------------------

-- ModifierArguments
--------------------------------------------------------------
INSERT OR IGNORE INTO ModifierArguments
		(ModifierId,									Name,					Value)
VALUES	('JNR_CHORAL_MUSIC_ALTAR_CULTURE',				'ModifierId',			'JNR_CHORAL_MUSIC_ALTAR_CULTURE_MODIFIER'),
		('JNR_CHORAL_MUSIC_MONASTERY_CULTURE',			'ModifierId',			'JNR_CHORAL_MUSIC_MONASTERY_CULTURE_MODIFIER'),
		('JNR_CHORAL_MUSIC_HOSPITIUM_CULTURE',			'ModifierId',			'JNR_CHORAL_MUSIC_HOSPITIUM_CULTURE_MODIFIER'),
		('JNR_CHORAL_MUSIC_GARDEN_CULTURE',				'ModifierId',			'JNR_CHORAL_MUSIC_GARDEN_CULTURE_MODIFIER'),
		('JNR_CHORAL_MUSIC_ALTAR_CULTURE_MODIFIER',		'BuildingType',			'BUILDING_JNR_ALTAR'),
		('JNR_CHORAL_MUSIC_ALTAR_CULTURE_MODIFIER',		'YieldType',			'YIELD_CULTURE'),
		('JNR_CHORAL_MUSIC_ALTAR_CULTURE_MODIFIER',		'Amount',				2),
		('JNR_CHORAL_MUSIC_MONASTERY_CULTURE_MODIFIER',	'BuildingType',			'BUILDING_JNR_MONASTERY'),
		('JNR_CHORAL_MUSIC_MONASTERY_CULTURE_MODIFIER',	'YieldType',			'YIELD_CULTURE'),
		('JNR_CHORAL_MUSIC_MONASTERY_CULTURE_MODIFIER',	'Amount',				2),
		('JNR_CHORAL_MUSIC_HOSPITIUM_CULTURE_MODIFIER',	'BuildingType',			'BUILDING_JNR_HOSPITIUM'),
		('JNR_CHORAL_MUSIC_HOSPITIUM_CULTURE_MODIFIER',	'YieldType',			'YIELD_CULTURE'),
		('JNR_CHORAL_MUSIC_HOSPITIUM_CULTURE_MODIFIER',	'Amount',				2),
		('JNR_CHORAL_MUSIC_GARDEN_CULTURE_MODIFIER',	'BuildingType',			'BUILDING_JNR_GARDEN'),
		('JNR_CHORAL_MUSIC_GARDEN_CULTURE_MODIFIER',	'YieldType',			'YIELD_CULTURE'),
		('JNR_CHORAL_MUSIC_GARDEN_CULTURE_MODIFIER',	'Amount',				2),
		('JNR_FEED_THE_WORLD_ALTAR_FOOD3',				'ModifierId',			'JNR_FEED_THE_WORLD_ALTAR_FOOD3_MODIFIER'),
		('JNR_FEED_THE_WORLD_MONASTERY_FOOD3',			'ModifierId',			'JNR_FEED_THE_WORLD_MONASTERY_FOOD3_MODIFIER'),
		('JNR_FEED_THE_WORLD_HOSPITIUM_FOOD3',			'ModifierId',			'JNR_FEED_THE_WORLD_HOSPITIUM_FOOD3_MODIFIER'),
		('JNR_FEED_THE_WORLD_GARDEN_FOOD3',				'ModifierId',			'JNR_FEED_THE_WORLD_GARDEN_FOOD3_MODIFIER'),
		('JNR_FEED_THE_WORLD_ALTAR_FOOD3_MODIFIER',		'BuildingType',			'BUILDING_JNR_ALTAR'),
		('JNR_FEED_THE_WORLD_ALTAR_FOOD3_MODIFIER',		'YieldType',			'YIELD_FOOD'),
		('JNR_FEED_THE_WORLD_ALTAR_FOOD3_MODIFIER',		'Amount',				3),
		('JNR_FEED_THE_WORLD_MONASTERY_FOOD3_MODIFIER',	'BuildingType',			'BUILDING_JNR_MONASTERY'),
		('JNR_FEED_THE_WORLD_MONASTERY_FOOD3_MODIFIER',	'YieldType',			'YIELD_FOOD'),
		('JNR_FEED_THE_WORLD_MONASTERY_FOOD3_MODIFIER',	'Amount',				3),
		('JNR_FEED_THE_WORLD_HOSPITIUM_FOOD3_MODIFIER',	'BuildingType',			'BUILDING_JNR_HOSPITIUM'),
		('JNR_FEED_THE_WORLD_HOSPITIUM_FOOD3_MODIFIER',	'YieldType',			'YIELD_FOOD'),
		('JNR_FEED_THE_WORLD_HOSPITIUM_FOOD3_MODIFIER',	'Amount',				3),
		('JNR_FEED_THE_WORLD_GARDEN_FOOD3_MODIFIER',	'BuildingType',			'BUILDING_JNR_GARDEN'),
		('JNR_FEED_THE_WORLD_GARDEN_FOOD3_MODIFIER',	'YieldType',			'YIELD_FOOD'),
		('JNR_FEED_THE_WORLD_GARDEN_FOOD3_MODIFIER',	'Amount',				3),
		('JNR_FEED_THE_WORLD_GARDEN_HOUSING',			'ModifierId',			'JNR_FEED_THE_WORLD_GARDEN_HOUSING_MODIFIER'),
		('JNR_FEED_THE_WORLD_GARDEN_HOUSING_MODIFIER',	'Amount',				1),
		('JNR_ZEN_MEDITATION_SHRINE_AMENITY',			'ModifierId',			'JNR_ZEN_MEDITATION_SHRINE_AMENITY_MODIFIER'),
		('JNR_ZEN_MEDITATION_SHRINE_AMENITY_MODIFIER',	'Amount',				1),
		('JNR_ZEN_MEDITATION_TEMPLE_AMENITY',			'ModifierId',			'JNR_ZEN_MEDITATION_TEMPLE_AMENITY_MODIFIER'),
		('JNR_ZEN_MEDITATION_TEMPLE_AMENITY_MODIFIER',	'Amount',				1),
		('JNR_ZEN_MEDITATION_GARDEN_AMENITY',			'ModifierId',			'JNR_ZEN_MEDITATION_GARDEN_AMENITY_MODIFIER'),
		('JNR_ZEN_MEDITATION_GARDEN_AMENITY_MODIFIER',	'Amount',				1),
		('RELIGIOUS_COMMUNITY_GARDEN_TRADING',			'ModifierId',			'RELIGIOUS_COMMUNITY_GARDEN_TRADING_MODIFIER'),
		('RELIGIOUS_COMMUNITY_GARDEN_TRADING_MODIFIER',	'YieldType',			'YIELD_GOLD'),
		('RELIGIOUS_COMMUNITY_GARDEN_TRADING_MODIFIER',	'Amount',				2);

UPDATE ModifierArguments SET Value=2 WHERE Name='Amount' AND ModifierId='CHORAL_MUSIC_SHRINE_CULTURE_MODIFIER';
UPDATE ModifierArguments SET Value=2 WHERE Name='Amount' AND ModifierId='CHORAL_MUSIC_TEMPLE_CULTURE_MODIFIER';

UPDATE ModifierArguments SET Value=1 WHERE Name='Amount' AND ModifierId='FEED_THE_WORLD_SHRINE_HOUSING_MODIFIER';
UPDATE ModifierArguments SET Value=1 WHERE Name='Amount' AND ModifierId='FEED_THE_WORLD_TEMPLE_HOUSING_MODIFIER';
--------------------------------------------------------------

-- BeliefModifiers
--------------------------------------------------------------
INSERT OR IGNORE INTO BeliefModifiers
		(BeliefType,					ModifierId)
VALUES	('BELIEF_CHORAL_MUSIC',			'JNR_CHORAL_MUSIC_ALTAR_CULTURE'),
		('BELIEF_CHORAL_MUSIC',			'JNR_CHORAL_MUSIC_MONASTERY_CULTURE'),
		('BELIEF_CHORAL_MUSIC',			'JNR_CHORAL_MUSIC_HOSPITIUM_CULTURE'),
		('BELIEF_CHORAL_MUSIC',			'JNR_CHORAL_MUSIC_GARDEN_CULTURE'),
		('BELIEF_FEED_THE_WORLD',		'JNR_FEED_THE_WORLD_ALTAR_FOOD3'),
		('BELIEF_FEED_THE_WORLD',		'JNR_FEED_THE_WORLD_MONASTERY_FOOD3'),
		('BELIEF_FEED_THE_WORLD',		'JNR_FEED_THE_WORLD_HOSPITIUM_FOOD3'),
		('BELIEF_FEED_THE_WORLD',		'JNR_FEED_THE_WORLD_GARDEN_FOOD3'),
		('BELIEF_FEED_THE_WORLD',		'JNR_FEED_THE_WORLD_GARDEN_HOUSING'),
		('BELIEF_ZEN_MEDITATION',		'JNR_ZEN_MEDITATION_SHRINE_AMENITY'),
		('BELIEF_ZEN_MEDITATION',		'JNR_ZEN_MEDITATION_TEMPLE_AMENITY'),
		('BELIEF_ZEN_MEDITATION',		'JNR_ZEN_MEDITATION_GARDEN_AMENITY'),
		('BELIEF_RELIGIOUS_COMMUNITY',	'RELIGIOUS_COMMUNITY_GARDEN_TRADING');

DELETE FROM BeliefModifiers WHERE BeliefType='BELIEF_ZEN_MEDITATION' AND ModifierId='ZEN_MEDITATION_AMENITY';
--------------------------------------------------------------

----------------------------------------------------------------------------------------------------------------------------
-- Traits
----------------------------------------------------------------------------------------------------------------------------

-- Districts
--------------------------------------------------------------
UPDATE Districts SET Description='LOC_DISTRICT_LAVRA_DESCRIPTION_JNR_UC' WHERE DistrictType='DISTRICT_LAVRA';
--------------------------------------------------------------

-- DistrictModifiers
--------------------------------------------------------------
DELETE FROM DistrictModifiers WHERE DistrictType='DISTRICT_LAVRA' AND ModifierId='JNR_LAVRA_SHRINE_GREAT_WRITER';
DELETE FROM DistrictModifiers WHERE DistrictType='DISTRICT_LAVRA' AND ModifierId='JNR_LAVRA_TEMPLE_GREAT_ARTIST';
DELETE FROM DistrictModifiers WHERE DistrictType='DISTRICT_LAVRA' AND ModifierId='JNR_LAVRA_WORSHIP_GREAT_MUSICIAN';
--------------------------------------------------------------

-- Modifiers
--------------------------------------------------------------
INSERT OR IGNORE INTO Modifiers
		(ModifierId,						ModifierType,										SubjectRequirementSetId)
VALUES	('JNR_LAVRA_TIER4_GREAT_PEOPLE',	'MODIFIER_CITY_INCREASE_GREAT_PERSON_POINT_BONUS',	'BUILDING_IS_HOLY_SITE_TIER4_JNR');

UPDATE Modifiers SET SubjectRequirementSetId='BUILDING_IS_HOLY_SITE_TIER1_JNR'	WHERE ModifierId='TRAIT_SHRINE_WRITING_POINTS';
UPDATE Modifiers SET SubjectRequirementSetId='BUILDING_IS_HOLY_SITE_TIER2_JNR'	WHERE ModifierId='TRAIT_TEMPLE_ARTIST_POINTS';

UPDATE Modifiers SET SubjectRequirementSetId='BUILDING_IS_HOLY_SITE_TIER1_JNR'	WHERE ModifierId='MINOR_CIV_STOCKHOLM_GREAT_PROPHET_POINTS_BONUS';
UPDATE Modifiers SET SubjectRequirementSetId='BUILDING_IS_HOLY_SITE_TIER1_JNR'	WHERE ModifierId='MINOR_CIV_BOLOGNA_GREAT_PROPHET_POINTS_BONUS';
--------------------------------------------------------------

-- ModifierArguments
--------------------------------------------------------------
INSERT OR IGNORE INTO ModifierArguments
		(ModifierId,						Name,		Value)
VALUES	('JNR_LAVRA_TIER4_GREAT_PEOPLE',	'Amount',	5);	
--------------------------------------------------------------

-- DistrictModifiers
--------------------------------------------------------------
INSERT OR IGNORE INTO DistrictModifiers
		(DistrictType,		ModifierId)
VALUES	('DISTRICT_LAVRA',	'JNR_LAVRA_TIER4_GREAT_PEOPLE');
--------------------------------------------------------------

----------------------------------------------------------------------------------------------------------------------------
-- Heroes Mode
----------------------------------------------------------------------------------------------------------------------------

-- BuildingModifiers
--------------------------------------------------------------
INSERT OR IGNORE INTO BuildingModifiers
		(BuildingType,			ModifierId)
SELECT	'BUILDING_JNR_ALTAR',	ModifierId
FROM	BuildingModifiers
WHERE	BuildingType='BUILDING_SHRINE' AND ModifierId='MODIFIER_SHRINE_CITY_HERO_EXTRA_LIFESPAN';
--------------------------------------------------------------