-- UC_THR_CSE_Ethiopia
-- Author: JNR
--------------------------------------------------------------

-- Modifiers
--------------------------------------------------------------
INSERT OR IGNORE INTO Modifiers 
		(ModifierId,											ModifierType,											SubjectRequirementSetId			)
VALUES	('MODIFIER_CSE_CULTURAL_BROADCAST_CENTER_CULTURE',		'MODIFIER_ALL_PLAYERS_ATTACH_MODIFIER',					'PLAYER_HAS_LARGEST_INFLUENCE'	),
		('MODIFIER_CSE_CULTURAL_BROADCAST_CENTER_CULTURE_MOD',	'MODIFIER_PLAYER_CITIES_ADJUST_BUILDING_YIELD_CHANGE',	NULL							),
		('MODIFIER_CSE_CULTURAL_MEDIA_CENTER_CULTURE',			'MODIFIER_ALL_PLAYERS_ATTACH_MODIFIER',					'PLAYER_HAS_LARGEST_INFLUENCE'	),
		('MODIFIER_CSE_CULTURAL_MEDIA_CENTER_CULTURE_MOD',		'MODIFIER_PLAYER_CITIES_ADJUST_BUILDING_YIELD_CHANGE',	NULL							);

UPDATE	Modifiers SET SubjectRequirementSetId='PLAYER_HAS_SMALL_INFLUENCE'	WHERE ModifierId='MODIFIER_CSE_CULTURAL_ASSEMBLY_CULTURE';
UPDATE	Modifiers SET SubjectRequirementSetId='PLAYER_HAS_LARGE_INFLUENCE'	WHERE ModifierId='MODIFIER_CSE_CULTURAL_OPERA_CULTURE';
UPDATE	Modifiers SET SubjectRequirementSetId='PLAYER_HAS_LARGE_INFLUENCE'	WHERE ModifierId='MODIFIER_CSE_CULTURAL_GRAND_HOTEL_CULTURE';
--------------------------------------------------------------

-- ModifierArguments
--------------------------------------------------------------
INSERT OR IGNORE INTO ModifierArguments
		(ModifierId,											Name,				Value													)
VALUES	('MODIFIER_CSE_CULTURAL_BROADCAST_CENTER_CULTURE',		'ModifierId',		'MODIFIER_CSE_CULTURAL_BROADCAST_CENTER_CULTURE_MOD'	),
		('MODIFIER_CSE_CULTURAL_BROADCAST_CENTER_CULTURE_MOD',	'BuildingType',		'BUILDING_BROADCAST_CENTER'								),
		('MODIFIER_CSE_CULTURAL_BROADCAST_CENTER_CULTURE_MOD',	'YieldType',		'YIELD_CULTURE'											),
		('MODIFIER_CSE_CULTURAL_BROADCAST_CENTER_CULTURE_MOD',	'Amount',			4														),
		('MODIFIER_CSE_CULTURAL_BROADCAST_CENTER_CULTURE_MOD',	'CityStatesOnly',	1														),
		('MODIFIER_CSE_CULTURAL_MEDIA_CENTER_CULTURE',			'ModifierId',		'MODIFIER_CSE_CULTURAL_MEDIA_CENTER_CULTURE_MOD'		),
		('MODIFIER_CSE_CULTURAL_MEDIA_CENTER_CULTURE_MOD',		'BuildingType',		'BUILDING_JNR_MEDIA_CENTER'								),
		('MODIFIER_CSE_CULTURAL_MEDIA_CENTER_CULTURE_MOD',		'YieldType',		'YIELD_CULTURE'											),
		('MODIFIER_CSE_CULTURAL_MEDIA_CENTER_CULTURE_MOD',		'Amount',			4														),
		('MODIFIER_CSE_CULTURAL_MEDIA_CENTER_CULTURE_MOD',		'CityStatesOnly',	1														);

UPDATE	ModifierArguments
SET		Value = 1
WHERE	Name = 'Amount' AND ModifierId = 'MODIFIER_CSE_CULTURAL_ASSEMBLY_CULTURE_MOD';

UPDATE	ModifierArguments
SET		Value = 3
WHERE	Name = 'Amount' AND ModifierId = 'MODIFIER_CSE_CULTURAL_OPERA_CULTURE_MOD';

UPDATE	ModifierArguments
SET		Value = 3
WHERE	Name = 'Amount' AND ModifierId = 'MODIFIER_CSE_CULTURAL_GRAND_HOTEL_CULTURE_MOD';

UPDATE	ModifierArguments
SET		Value = 4
WHERE	Name = 'Amount' AND ModifierId = 'MODIFIER_CSE_CULTURAL_CHANCERY_CULTURE_MOD_ETHIOPIA_LARGEST';
--------------------------------------------------------------

-- TraitModifiers
--------------------------------------------------------------
INSERT OR IGNORE INTO TraitModifiers 
		(TraitType, 					ModifierId											)
VALUES	('MINOR_CIV_CULTURAL_TRAIT',	'MODIFIER_CSE_CULTURAL_BROADCAST_CENTER_CULTURE'	),
		('MINOR_CIV_CULTURAL_TRAIT',	'MODIFIER_CSE_CULTURAL_MEDIA_CENTER_CULTURE'		);

DELETE FROM TraitModifiers WHERE TraitType='MINOR_CIV_CULTURAL_TRAIT' AND ModifierId='MODIFIER_CSE_CULTURAL_AMPHITHEATER_CULTURE_ETHIOPIA';
DELETE FROM TraitModifiers WHERE TraitType='MINOR_CIV_CULTURAL_TRAIT' AND ModifierId='MODIFIER_CSE_CULTURAL_MUSEUM_ART_CULTURE_ETHIOPIA';
DELETE FROM TraitModifiers WHERE TraitType='MINOR_CIV_CULTURAL_TRAIT' AND ModifierId='MODIFIER_CSE_CULTURAL_MUSEUM_ARTIFACT_CULTURE_ETHIOPIA';
DELETE FROM TraitModifiers WHERE TraitType='MINOR_CIV_CULTURAL_TRAIT' AND ModifierId='MODIFIER_CSE_CULTURAL_BROADCAST_CENTER_CULTURE_ETHIOPIA';
DELETE FROM TraitModifiers WHERE TraitType='MINOR_CIV_CULTURAL_TRAIT' AND ModifierId='MODIFIER_CSE_CULTURAL_CONSULATE_CULTURE_ETHIOPIA_LARGEST';
--------------------------------------------------------------