-- UC_THR_CSE
-- Author: JNR
--------------------------------------------------------------

-- Modifiers
--------------------------------------------------------------
INSERT OR IGNORE INTO Modifiers 
		(ModifierId,										ModifierType,											SubjectRequirementSetId)
VALUES	('MODIFIER_CSE_CULTURAL_ASSEMBLY_CULTURE',			'MODIFIER_ALL_PLAYERS_ATTACH_MODIFIER',					'PLAYER_HAS_MEDIUM_INFLUENCE'),
		('MODIFIER_CSE_CULTURAL_ASSEMBLY_CULTURE_MOD',		'MODIFIER_PLAYER_CITIES_ADJUST_BUILDING_YIELD_CHANGE',	NULL),
		('MODIFIER_CSE_CULTURAL_OPERA_CULTURE',				'MODIFIER_ALL_PLAYERS_ATTACH_MODIFIER',					'PLAYER_HAS_LARGEST_INFLUENCE'),
		('MODIFIER_CSE_CULTURAL_OPERA_CULTURE_MOD',			'MODIFIER_PLAYER_CITIES_ADJUST_BUILDING_YIELD_CHANGE',	NULL),
		('MODIFIER_CSE_CULTURAL_GRAND_HOTEL_CULTURE',		'MODIFIER_ALL_PLAYERS_ATTACH_MODIFIER',					'PLAYER_HAS_LARGEST_INFLUENCE'),
		('MODIFIER_CSE_CULTURAL_GRAND_HOTEL_CULTURE_MOD',	'MODIFIER_PLAYER_CITIES_ADJUST_BUILDING_YIELD_CHANGE',	NULL);
--------------------------------------------------------------

-- ModifierArguments
--------------------------------------------------------------
INSERT OR IGNORE INTO ModifierArguments
		(ModifierId,										Name,				Value)
VALUES	('MODIFIER_CSE_CULTURAL_ASSEMBLY_CULTURE',			'ModifierId',		'MODIFIER_CSE_CULTURAL_ASSEMBLY_CULTURE_MOD'	),
		('MODIFIER_CSE_CULTURAL_ASSEMBLY_CULTURE_MOD',		'BuildingType',		'BUILDING_JNR_ASSEMBLY'							),
		('MODIFIER_CSE_CULTURAL_ASSEMBLY_CULTURE_MOD',		'YieldType',		'YIELD_CULTURE'									),		
		('MODIFIER_CSE_CULTURAL_ASSEMBLY_CULTURE_MOD',		'CityStatesOnly',	1												),
		('MODIFIER_CSE_CULTURAL_OPERA_CULTURE',				'ModifierId',		'MODIFIER_CSE_CULTURAL_OPERA_CULTURE_MOD'		),
		('MODIFIER_CSE_CULTURAL_OPERA_CULTURE_MOD',			'BuildingType',		'BUILDING_JNR_OPERA'							),
		('MODIFIER_CSE_CULTURAL_OPERA_CULTURE_MOD',			'YieldType',		'YIELD_CULTURE'									),
		('MODIFIER_CSE_CULTURAL_OPERA_CULTURE_MOD',			'CityStatesOnly',	1												),
		('MODIFIER_CSE_CULTURAL_GRAND_HOTEL_CULTURE',		'ModifierId',		'MODIFIER_CSE_CULTURAL_GRAND_HOTEL_CULTURE_MOD'	),
		('MODIFIER_CSE_CULTURAL_GRAND_HOTEL_CULTURE_MOD',	'BuildingType',		'BUILDING_JNR_GRAND_HOTEL'						),
		('MODIFIER_CSE_CULTURAL_GRAND_HOTEL_CULTURE_MOD',	'YieldType',		'YIELD_CULTURE'									),
		('MODIFIER_CSE_CULTURAL_GRAND_HOTEL_CULTURE_MOD',	'CityStatesOnly',	1												);

INSERT OR IGNORE INTO ModifierArguments
		(ModifierId,										Name,				Value)
SELECT	'MODIFIER_CSE_CULTURAL_ASSEMBLY_CULTURE_MOD',		'Amount',			Value
FROM	ModifierArguments
WHERE	Name='Amount' AND ModifierId='MODIFIER_CSE_CULTURAL_AMPHITHEATER_CULTURE_MOD';

INSERT OR IGNORE INTO ModifierArguments
		(ModifierId,										Name,				Value)
SELECT	'MODIFIER_CSE_CULTURAL_OPERA_CULTURE_MOD',			'Amount',			Value
FROM	ModifierArguments
WHERE	Name='Amount' AND ModifierId='MODIFIER_CSE_CULTURAL_BROADCAST_CENTER_CULTURE_MOD';

INSERT OR IGNORE INTO ModifierArguments
		(ModifierId,										Name,				Value)
SELECT	'MODIFIER_CSE_CULTURAL_GRAND_HOTEL_CULTURE_MOD',	'Amount',			Value
FROM	ModifierArguments
WHERE	Name='Amount' AND ModifierId='MODIFIER_CSE_CULTURAL_BROADCAST_CENTER_CULTURE_MOD';

UPDATE ModifierArguments SET Value='BUILDING_JNR_CABINET'	WHERE Name='BuildingType' AND ModifierId='MODIFIER_CSE_CULTURAL_MUSEUM_ART_CULTURE_MOD';
UPDATE ModifierArguments SET Value='BUILDING_JNR_MANSION'		WHERE Name='BuildingType' AND ModifierId='MODIFIER_CSE_CULTURAL_MUSEUM_ARTIFACT_CULTURE_MOD';
--------------------------------------------------------------

-- TraitModifiers
--------------------------------------------------------------
INSERT OR IGNORE INTO TraitModifiers 
		(TraitType, 					ModifierId									)
VALUES	('MINOR_CIV_CULTURAL_TRAIT',	'MODIFIER_CSE_CULTURAL_ASSEMBLY_CULTURE'	),
		('MINOR_CIV_CULTURAL_TRAIT',	'MODIFIER_CSE_CULTURAL_OPERA_CULTURE'		),
		('MINOR_CIV_CULTURAL_TRAIT',	'MODIFIER_CSE_CULTURAL_GRAND_HOTEL_CULTURE'	);

DELETE FROM TraitModifiers WHERE TraitType='MINOR_CIV_CULTURAL_TRAIT' AND ModifierId='MODIFIER_CSE_CULTURAL_BROADCAST_CENTER_CULTURE';
--------------------------------------------------------------