----------------------------------------------
--Types
----------------------------------------------
INSERT INTO Types
		(Type,								Kind)
VALUES	('POK_BELIEF_NUN',						'KIND_BELIEF'), 
		('POK_BELIEF_ATUM',						'KIND_BELIEF'),
		('POK_BELIEF_AMON',						'KIND_BELIEF'),
		('POK_BELIEF_ISIS',						'KIND_BELIEF'),
		('POK_BELIEF_APEDEMAK',					'KIND_BELIEF'),
		('POK_BELIEF_ANUBIS',					'KIND_BELIEF'),
		('POK_BELIEF_HORUS',					'KIND_BELIEF'),
		('POK_BELIEF_SEBIUMEKER',				'KIND_BELIEF'),
		('POK_BELIEF_BES',						'KIND_BELIEF'),
		('POK_BELIEF_ASH',						'KIND_BELIEF');
----------------------------------------------
--Beliefs
----------------------------------------------
INSERT INTO Beliefs
		(BeliefType,			Name,							Description,							BeliefClassType)
VALUES	('POK_BELIEF_NUN',			'LOC_POK_BELIEF_NUN_NAME',			'LOC_POK_BELIEF_NUN_DESCRIPTION',			'BELIEF_CLASS_PANTHEON'),
		('POK_BELIEF_ATUM',			'LOC_POK_BELIEF_ATUM_NAME',			'LOC_POK_BELIEF_ATUM_DESCRIPTION',			'BELIEF_CLASS_PANTHEON'),
		('POK_BELIEF_AMON',			'LOC_POK_BELIEF_AMON_NAME',			'LOC_POK_BELIEF_AMON_DESCRIPTION',			'BELIEF_CLASS_PANTHEON'), 
		('POK_BELIEF_ISIS',			'LOC_POK_BELIEF_ISIS_NAME',			'LOC_POK_BELIEF_ISIS_DESCRIPTION',			'BELIEF_CLASS_PANTHEON'),
		('POK_BELIEF_APEDEMAK',		'LOC_POK_BELIEF_APEDEMAK_NAME',		'LOC_POK_BELIEF_APEDEMAK_DESCRIPTION',		'BELIEF_CLASS_PANTHEON'),
		('POK_BELIEF_ANUBIS',		'LOC_POK_BELIEF_ANUBIS_NAME',		'LOC_POK_BELIEF_ANUBIS_DESCRIPTION',		'BELIEF_CLASS_PANTHEON'),
		('POK_BELIEF_HORUS',		'LOC_POK_BELIEF_HORUS_NAME',		'LOC_POK_BELIEF_HORUS_DESCRIPTION',			'BELIEF_CLASS_PANTHEON'),
		('POK_BELIEF_SEBIUMEKER',	'LOC_POK_BELIEF_SEBIUMEKER_NAME',	'LOC_POK_BELIEF_SEBIUMEKER_DESCRIPTION',	'BELIEF_CLASS_PANTHEON'),
		('POK_BELIEF_BES',			'LOC_POK_BELIEF_BES_NAME',			'LOC_POK_BELIEF_BES_DESCRIPTION',			'BELIEF_CLASS_PANTHEON'),
		('POK_BELIEF_ASH',			'LOC_POK_BELIEF_ASH_NAME',			'LOC_POK_BELIEF_ASH_DESCRIPTION',			'BELIEF_CLASS_PANTHEON');
----------------------------------------------
--Requirements
----------------------------------------------
INSERT INTO Requirements
		(RequirementId,									RequirementType)
VALUES	('NUN_REQUIRES_PLOT_ADJACENT_TO_CITY_CENTER',	'REQUIREMENT_PLOT_ADJACENT_DISTRICT_TYPE_MATCHES'),
		('ASH_REQUIRES_PLOT_ADJACENT_TO_OASIS',			'REQUIREMENT_PLOT_ADJACENT_FEATURE_TYPE_MATCHES');
----------------------------------------------
--RequirementArguments
----------------------------------------------
INSERT INTO RequirementArguments
		(RequirementId,									Name,			Value)
VALUES	('NUN_REQUIRES_PLOT_ADJACENT_TO_CITY_CENTER',	'DistrictType',	'DISTRICT_CITY_CENTER'),
		('ASH_REQUIRES_PLOT_ADJACENT_TO_OASIS',			'FeatureType',	'FEATURE_OASIS');
----------------------------------------------
--RequirementSets
----------------------------------------------
INSERT INTO RequirementSets
		(RequirementSetId,						RequirementSetType)
VALUES	('NUN_SEA_LUXURY',						'REQUIREMENTSET_TEST_ALL'),
		('AMON_CAPITAL_CITY',					'REQUIREMENTSET_TEST_ALL'),
		('ASH_OASIS_REQUIREMENTS',				'REQUIREMENTSET_TEST_ANY');
----------------------------------------------
--RequirementSetRequirements
----------------------------------------------
INSERT INTO RequirementSetRequirements
		(RequirementSetId,						RequirementId)
VALUES	('NUN_SEA_LUXURY',						'REQUIRES_PLOT_IS_COAST'),
		('NUN_SEA_LUXURY',						'REQUIRES_PLOT_HAS_LUXURY'),
		('AMON_CAPITAL_CITY',					'REQUIRES_CAPITAL_CITY'),
		('ASH_OASIS_REQUIREMENTS',				'REQUIRES_PLOT_HAS_OASIS'),
		('ASH_OASIS_REQUIREMENTS',				'ASH_REQUIRES_PLOT_ADJACENT_TO_OASIS');
----------------------------------------------
--Modifiers
----------------------------------------------
INSERT INTO Modifiers
		(ModifierId,								ModifierType,														SubjectRequirementSetId)
VALUES	('NUN_SEA_LUXURY_SCIENCE',					'MODIFIER_ALL_CITIES_ATTACH_MODIFIER',								'CITY_FOLLOWS_PANTHEON_REQUIREMENTS'),
		('NUN_SEA_LUXURY_SCIENCE_MODIFIER',			'MODIFIER_CITY_PLOT_YIELDS_ADJUST_PLOT_YIELD',						'NUN_SEA_LUXURY'),
		('NUN_SEA_LUXURY_CULTURE',					'MODIFIER_ALL_CITIES_ATTACH_MODIFIER',								'CITY_FOLLOWS_PANTHEON_REQUIREMENTS'),
		('NUN_SEA_LUXURY_CULTURE_MODIFIER',			'MODIFIER_CITY_PLOT_YIELDS_ADJUST_PLOT_YIELD',						'NUN_SEA_LUXURY'),
		('ATUM_BUILDER_CHARGE',						'MODIFIER_ALL_CITIES_ATTACH_MODIFIER',								'PLAYER_HAS_PANTHEON_REQUIREMENTS'),
		('ATUM_BUILDER_CHARGE_MODIFIER',			'MODIFIER_SINGLE_CITY_BUILDER_CHARGES',								'UNIT_IS_BUILDER'),
		('AMON_PALACE_AMENITY',						'MODIFIER_ALL_CITIES_ATTACH_MODIFIER',								'CITY_FOLLOWS_PANTHEON_REQUIREMENTS'),
		('AMON_PALACE_AMENITY_MODIFIER',			'MODIFIER_SINGLE_CITY_ADJUST_CITY_AMENITIES_FROM_RELIGION',			'AMON_CAPITAL_CITY'),
		('AMON_PALACE_HOUSING',						'MODIFIER_ALL_PLAYERS_ATTACH_MODIFIER',								'PLAYER_HAS_PANTHEON_REQUIREMENTS'),
		('AMON_PALACE_HOUSING_MODIFIER',			'MODIFIER_PLAYER_CITIES_ADJUST_BUILDING_HOUSING',					'AMON_CAPITAL_CITY'),
		('AMON_PALACE_SCIENCE',						'MODIFIER_ALL_PLAYERS_ATTACH_MODIFIER',								'PLAYER_HAS_PANTHEON_REQUIREMENTS'),
		('AMON_PALACE_SCIENCE_MODIFIER',			'MODIFIER_PLAYER_CITIES_ADJUST_BUILDING_YIELD_MODIFIER',			NULL),
		('AMON_PALACE_CULTURE',						'MODIFIER_ALL_PLAYERS_ATTACH_MODIFIER',								'PLAYER_HAS_PANTHEON_REQUIREMENTS'),
		('AMON_PALACE_CULTURE_MODIFIER',			'MODIFIER_PLAYER_CITIES_ADJUST_BUILDING_YIELD_MODIFIER',			NULL),
		('AMON_PALACE_GOLD',						'MODIFIER_ALL_PLAYERS_ATTACH_MODIFIER',								'PLAYER_HAS_PANTHEON_REQUIREMENTS'),
		('AMON_PALACE_GOLD_MODIFIER',				'MODIFIER_PLAYER_CITIES_ADJUST_BUILDING_YIELD_MODIFIER',			NULL),
		('AMON_PALACE_PRODUCTION',					'MODIFIER_ALL_PLAYERS_ATTACH_MODIFIER',								'PLAYER_HAS_PANTHEON_REQUIREMENTS'),
		('AMON_PALACE_PRODUCTION_MODIFIER',			'MODIFIER_PLAYER_CITIES_ADJUST_BUILDING_YIELD_MODIFIER',			NULL),
		('ISIS_HOLY_SITE_SCIENCE',					'MODIFIER_ALL_PLAYERS_ATTACH_MODIFIER',								'PLAYER_HAS_PANTHEON_REQUIREMENTS'),
		('ISIS_HOLY_SITE_SCIENCE_MODIFIER',			'MODIFIER_PLAYER_DISTRICTS_ADJUST_YIELD_CHANGE',					'DISTRICT_IS_HOLY_SITE'),
		('ISIS_HOLY_SITE_CULTURE',					'MODIFIER_ALL_PLAYERS_ATTACH_MODIFIER',								'PLAYER_HAS_PANTHEON_REQUIREMENTS'),
		('ISIS_HOLY_SITE_CULTURE_MODIFIER',			'MODIFIER_PLAYER_DISTRICTS_ADJUST_YIELD_CHANGE',					'DISTRICT_IS_HOLY_SITE'),
		('APEDEMAK_SCIENCE_KILLS',					'MODIFIER_ALL_PLAYERS_ATTACH_MODIFIER',								'PLAYER_HAS_PANTHEON_REQUIREMENTS'),
		('APEDEMAK_SCIENCE_KILLS_MODIFIER',			'MODIFIER_PLAYER_UNITS_ADJUST_POST_COMBAT_YIELD',					NULL),
		('ANUBIS_APPEAL_GOLD',						'MODIFIER_ALL_CITIES_ATTACH_MODIFIER',								'CITY_FOLLOWS_PANTHEON_REQUIREMENTS'),
		('ANUBIS_APPEAL_GOLD_MODIFIER',				'MODIFIER_CITY_PLOT_YIELDS_ADJUST_PLOT_YIELD',						'PLOT_CHARMING_APPEAL'),
		('SEBIUMEKER_GARRISON_CULTURE',				'MODIFIER_ALL_CITIES_ATTACH_MODIFIER',								'CITY_FOLLOWS_PANTHEON_REQUIREMENTS'),
		('SEBIUMEKER_GARRISON_CULTURE_MODIFIER',	'MODIFIER_SINGLE_CITY_ADJUST_CITY_YIELD_MODIFIER',					'CITY_HAS_GARRISON_UNIT_REQUIERMENT'),
		('SEBIUMEKER_GARRISON_FAITH',				'MODIFIER_ALL_CITIES_ATTACH_MODIFIER',								'CITY_FOLLOWS_PANTHEON_REQUIREMENTS'),
		('SEBIUMEKER_GARRISON_FAITH_MODIFIER',		'MODIFIER_SINGLE_CITY_ADJUST_CITY_YIELD_MODIFIER',					'CITY_HAS_GARRISON_UNIT_REQUIERMENT'),
		('SEBIUMEKER_GARRISON_STRENGTH',			'MODIFIER_ALL_CITIES_ATTACH_MODIFIER',								'CITY_FOLLOWS_PANTHEON_REQUIREMENTS'),
		('SEBIUMEKER_GARRISON_STRENGTH_MODIFIER',	'MODIFIER_CITY_ADJUST_ATTACKS_PER_TURN',							'CITY_HAS_GARRISON_UNIT_REQUIERMENT'),
		('HORUS_WILDCARD_SLOT',						'MODIFIER_ALL_PLAYERS_ATTACH_MODIFIER',								'PLAYER_HAS_PANTHEON_REQUIREMENTS'),
		('HORUS_WILDCARD_SLOT_MODIFIER',			'MODIFIER_PLAYER_CULTURE_ADJUST_GOVERNMENT_SLOTS_MODIFIER',			NULL),
		('BES_FAITH_HAPPY',							'MODIFIER_ALL_PLAYERS_ATTACH_MODIFIER',								'PLAYER_HAS_PANTHEON_REQUIREMENTS'),
		('BES_FAITH_HAPPY_MODIFIER',				'MODIFIER_PLAYER_CITIES_ADJUST_HAPPINESS_YIELD',					NULL),
		('BES_CULTURE_HAPPY',						'MODIFIER_ALL_PLAYERS_ATTACH_MODIFIER',								'PLAYER_HAS_PANTHEON_REQUIREMENTS'),
		('BES_CULTURE_HAPPY_MODIFIER',				'MODIFIER_PLAYER_CITIES_ADJUST_HAPPINESS_YIELD',					NULL),
		('BES_FAITH_ECSTATIC',						'MODIFIER_ALL_PLAYERS_ATTACH_MODIFIER',								'PLAYER_HAS_PANTHEON_REQUIREMENTS'),
		('BES_FAITH_ECSTATIC_MODIFIER',				'MODIFIER_PLAYER_CITIES_ADJUST_HAPPINESS_YIELD',					NULL),
		('BES_CULTURE_ECSTATIC',					'MODIFIER_ALL_PLAYERS_ATTACH_MODIFIER',								'PLAYER_HAS_PANTHEON_REQUIREMENTS'),
		('BES_CULTURE_ECSTATIC_MODIFIER',			'MODIFIER_PLAYER_CITIES_ADJUST_HAPPINESS_YIELD',					NULL),
		('ASH_OASIS_CULTURE',						'MODIFIER_ALL_CITIES_ATTACH_MODIFIER',								'CITY_FOLLOWS_PANTHEON_REQUIREMENTS'),
		('ASH_OASIS_CULTURE_MODIFIER',				'MODIFIER_CITY_PLOT_YIELDS_ADJUST_PLOT_YIELD',						'ASH_OASIS_REQUIREMENTS'),
		('ASH_OASIS_FAITH',							'MODIFIER_ALL_CITIES_ATTACH_MODIFIER',								'CITY_FOLLOWS_PANTHEON_REQUIREMENTS'),
		('ASH_OASIS_FAITH_MODIFIER',				'MODIFIER_CITY_PLOT_YIELDS_ADJUST_PLOT_YIELD',						'ASH_OASIS_REQUIREMENTS'),
		('ASH_OASIS_SCIENCE',						'MODIFIER_ALL_CITIES_ATTACH_MODIFIER',								'CITY_FOLLOWS_PANTHEON_REQUIREMENTS'),
		('ASH_OASIS_SCIENCE_MODIFIER',				'MODIFIER_CITY_PLOT_YIELDS_ADJUST_PLOT_YIELD',						'ASH_OASIS_REQUIREMENTS'),
		('ASH_OASIS_PRODUCTION',					'MODIFIER_ALL_CITIES_ATTACH_MODIFIER',								'CITY_FOLLOWS_PANTHEON_REQUIREMENTS'),
		('ASH_OASIS_PRODUCTION_MODIFIER',			'MODIFIER_CITY_PLOT_YIELDS_ADJUST_PLOT_YIELD',						'ASH_OASIS_REQUIREMENTS'),
		('ASH_OASIS_FOOD',							'MODIFIER_ALL_CITIES_ATTACH_MODIFIER',								'CITY_FOLLOWS_PANTHEON_REQUIREMENTS'),
		('ASH_OASIS_FOOD_MODIFIER',					'MODIFIER_CITY_PLOT_YIELDS_ADJUST_PLOT_YIELD',						'ASH_OASIS_REQUIREMENTS'),
		('ASH_OASIS_GOLD',							'MODIFIER_ALL_CITIES_ATTACH_MODIFIER',								'CITY_FOLLOWS_PANTHEON_REQUIREMENTS'),
		('ASH_OASIS_GOLD_MODIFIER',					'MODIFIER_CITY_PLOT_YIELDS_ADJUST_PLOT_YIELD',						'ASH_OASIS_REQUIREMENTS');
INSERT INTO Modifiers 
		(ModifierId,									ModifierType,											SubjectRequirementSetId)
SELECT	'AMON_' || BuildingType || '_CULTURE',			'MODIFIER_ALL_PLAYERS_ATTACH_MODIFIER',					'PLAYER_HAS_PANTHEON_REQUIREMENTS' FROM Buildings WHERE PrereqDistrict='DISTRICT_GOVERNMENT';

INSERT INTO Modifiers 
		(ModifierId,									ModifierType,											SubjectRequirementSetId)
SELECT	'AMON_' || BuildingType || '_CULTURE_MODIFIER',	'MODIFIER_PLAYER_CITIES_ADJUST_BUILDING_YIELD_CHANGE',	NULL FROM Buildings WHERE PrereqDistrict='DISTRICT_GOVERNMENT';

INSERT INTO Modifiers 
		(ModifierId,									ModifierType,											SubjectRequirementSetId)
SELECT	'AMON_' || BuildingType || '_FAITH',			'MODIFIER_ALL_PLAYERS_ATTACH_MODIFIER',					'PLAYER_HAS_PANTHEON_REQUIREMENTS' FROM Buildings WHERE PrereqDistrict='DISTRICT_GOVERNMENT';

INSERT INTO Modifiers 
		(ModifierId,									ModifierType,											SubjectRequirementSetId)
SELECT	'AMON_' || BuildingType || '_FAITH_MODIFIER',	'MODIFIER_PLAYER_CITIES_ADJUST_BUILDING_YIELD_CHANGE',	NULL FROM Buildings WHERE PrereqDistrict='DISTRICT_GOVERNMENT';

INSERT INTO Modifiers 
		(ModifierId,									ModifierType,											SubjectRequirementSetId)
SELECT	'AMON_' || BuildingType || '_SCIENCE',			'MODIFIER_ALL_PLAYERS_ATTACH_MODIFIER',					'PLAYER_HAS_PANTHEON_REQUIREMENTS' FROM Buildings WHERE PrereqDistrict='DISTRICT_GOVERNMENT';

INSERT INTO Modifiers 
		(ModifierId,									ModifierType,											SubjectRequirementSetId)
SELECT	'AMON_' || BuildingType || '_SCIENCE_MODIFIER',	'MODIFIER_PLAYER_CITIES_ADJUST_BUILDING_YIELD_CHANGE',	NULL FROM Buildings WHERE PrereqDistrict='DISTRICT_GOVERNMENT';
----------------------------------------------
--ModifierArguments
----------------------------------------------
INSERT INTO ModifierArguments
		(ModifierId,								Name,						Value)
VALUES	('NUN_SEA_LUXURY_SCIENCE',					'ModifierId',				'NUN_SEA_LUXURY_SCIENCE_MODIFIER'),
		('NUN_SEA_LUXURY_SCIENCE_MODIFIER',			'Amount',					'1'),
		('NUN_SEA_LUXURY_SCIENCE_MODIFIER',			'YieldType',				'YIELD_SCIENCE'),		
		('NUN_SEA_LUXURY_CULTURE',					'ModifierId',				'NUN_SEA_LUXURY_CULTURE_MODIFIER'),
		('NUN_SEA_LUXURY_CULTURE_MODIFIER',			'Amount',					'1'),
		('NUN_SEA_LUXURY_CULTURE_MODIFIER',			'YieldType',				'YIELD_CULTURE'),		
		('ATUM_BUILDER_CHARGE',						'ModifierId',				'ATUM_BUILDER_CHARGE_MODIFIER'),
		('ATUM_BUILDER_CHARGE_MODIFIER',			'Amount',					'1'),
		('AMON_PALACE_AMENITY',						'ModifierId',				'AMON_PALACE_AMENITY_MODIFIER'),
		('AMON_PALACE_AMENITY_MODIFIER',			'Amount',					'1'),
		('AMON_PALACE_HOUSING',						'ModifierId',				'AMON_PALACE_HOUSING_MODIFIER'),
		('AMON_PALACE_HOUSING_MODIFIER',			'Amount',					'1'),
		('AMON_PALACE_SCIENCE',						'ModifierId',				'AMON_PALACE_SCIENCE_MODIFIER'),
		('AMON_PALACE_SCIENCE_MODIFIER',			'BuildingType',				'BUILDING_PALACE'),
		('AMON_PALACE_SCIENCE_MODIFIER',			'Amount',					'100'),
		('AMON_PALACE_SCIENCE_MODIFIER',			'YieldType',				'YIELD_SCIENCE'),
		('AMON_PALACE_CULTURE',						'ModifierId',				'AMON_PALACE_CULTURE_MODIFIER'),
		('AMON_PALACE_CULTURE_MODIFIER',			'BuildingType',				'BUILDING_PALACE'),
		('AMON_PALACE_CULTURE_MODIFIER',			'Amount',					'100'),
		('AMON_PALACE_CULTURE_MODIFIER',			'YieldType',				'YIELD_CULTURE'),
		('AMON_PALACE_GOLD',						'ModifierId',				'AMON_PALACE_GOLD_MODIFIER'),
		('AMON_PALACE_GOLD_MODIFIER',				'BuildingType',				'BUILDING_PALACE'),
		('AMON_PALACE_GOLD_MODIFIER',				'Amount',					'100'),
		('AMON_PALACE_GOLD_MODIFIER',				'YieldType',				'YIELD_GOLD'),
		('AMON_PALACE_PRODUCTION',					'ModifierId',				'AMON_PALACE_PRODUCTION_MODIFIER'),
		('AMON_PALACE_PRODUCTION_MODIFIER',			'BuildingType',				'BUILDING_PALACE'),
		('AMON_PALACE_PRODUCTION_MODIFIER',			'Amount',					'100'),
		('AMON_PALACE_PRODUCTION_MODIFIER',			'YieldType',				'YIELD_PRODUCTION'),
		('ISIS_HOLY_SITE_SCIENCE',					'ModifierId',				'ISIS_HOLY_SITE_SCIENCE_MODIFIER'),
		('ISIS_HOLY_SITE_SCIENCE_MODIFIER',			'YieldType',				'YIELD_SCIENCE'),
		('ISIS_HOLY_SITE_SCIENCE_MODIFIER',			'Amount',					'1'),
		('ISIS_HOLY_SITE_CULTURE',					'ModifierId',				'ISIS_HOLY_SITE_CULTURE_MODIFIER'),
		('ISIS_HOLY_SITE_CULTURE_MODIFIER',			'YieldType',				'YIELD_CULTURE'),
		('ISIS_HOLY_SITE_CULTURE_MODIFIER',			'Amount',					'1'),
		('APEDEMAK_SCIENCE_KILLS',					'ModifierId',				'APEDEMAK_SCIENCE_KILLS_MODIFIER'),
		('APEDEMAK_SCIENCE_KILLS_MODIFIER',			'PercentDefeatedStrength',	'50'),
		('APEDEMAK_SCIENCE_KILLS_MODIFIER',			'YieldType',				'YIELD_SCIENCE'),
		('ANUBIS_APPEAL_GOLD',						'ModifierId',				'ANUBIS_APPEAL_GOLD_MODIFIER'),
		('ANUBIS_APPEAL_GOLD_MODIFIER',				'Amount',					'1'),
		('ANUBIS_APPEAL_GOLD_MODIFIER',				'YieldType',				'YIELD_GOLD'),
		('SEBIUMEKER_GARRISON_CULTURE',				'ModifierId',				'SEBIUMEKER_GARRISON_CULTURE_MODIFIER'),
		('SEBIUMEKER_GARRISON_CULTURE_MODIFIER',	'Amount',					'5'),
		('SEBIUMEKER_GARRISON_CULTURE_MODIFIER',	'YieldType',				'YIELD_CULTURE'),
		('SEBIUMEKER_GARRISON_FAITH',				'ModifierId',				'SEBIUMEKER_GARRISON_FAITH_MODIFIER'),
		('SEBIUMEKER_GARRISON_FAITH_MODIFIER',		'Amount',					'5'),
		('SEBIUMEKER_GARRISON_FAITH_MODIFIER',		'YieldType',				'YIELD_FAITH'),
		('SEBIUMEKER_GARRISON_STRENGTH',			'ModifierId',				'SEBIUMEKER_GARRISON_STRENGTH_MODIFIER'),
		('SEBIUMEKER_GARRISON_STRENGTH_MODIFIER',	'Amount',					'1'),
		('HORUS_WILDCARD_SLOT',						'ModifierId',				'HORUS_WILDCARD_SLOT_MODIFIER'),
		('HORUS_WILDCARD_SLOT_MODIFIER',			'GovernmentSlotType',		'SLOT_WILDCARD'),
		('BES_CULTURE_HAPPY',						'ModifierId',				'BES_CULTURE_HAPPY_MODIFIER'),
		('BES_CULTURE_HAPPY_MODIFIER',				'Amount',					'5'),
		('BES_CULTURE_HAPPY_MODIFIER',				'HappinessType',			'HAPPINESS_HAPPY'),
		('BES_CULTURE_HAPPY_MODIFIER',				'YieldType',				'YIELD_CULTURE'),
		('BES_CULTURE_ECSTATIC',					'ModifierId',				'BES_CULTURE_ECSTATIC_MODIFIER'),
		('BES_CULTURE_ECSTATIC_MODIFIER',			'Amount',					'10'),
		('BES_CULTURE_ECSTATIC_MODIFIER',			'HappinessType',			'HAPPINESS_ECSTATIC'),
		('BES_CULTURE_ECSTATIC_MODIFIER',			'YieldType',				'YIELD_CULTURE'),
		('BES_FAITH_HAPPY',							'ModifierId',				'BES_FAITH_HAPPY_MODIFIER'),
		('BES_FAITH_HAPPY_MODIFIER',				'Amount',					'5'),
		('BES_FAITH_HAPPY_MODIFIER',				'HappinessType',			'HAPPINESS_HAPPY'),
		('BES_FAITH_HAPPY_MODIFIER',				'YieldType',				'YIELD_FAITH'),
		('BES_FAITH_ECSTATIC',						'ModifierId',				'BES_FAITH_ECSTATIC_MODIFIER'),
		('BES_FAITH_ECSTATIC_MODIFIER',				'Amount',					'10'),
		('BES_FAITH_ECSTATIC_MODIFIER',				'HappinessType',			'HAPPINESS_ECSTATIC'),
		('BES_FAITH_ECSTATIC_MODIFIER',				'YieldType',				'YIELD_FAITH'),
		('ASH_OASIS_CULTURE',						'ModifierId',				'ASH_OASIS_CULTURE_MODIFIER'),
		('ASH_OASIS_CULTURE_MODIFIER',				'Amount',					'1'),
		('ASH_OASIS_CULTURE_MODIFIER',				'YieldType',				'YIELD_CULTURE'),
		('ASH_OASIS_SCIENCE',						'ModifierId',				'ASH_OASIS_SCIENCE_MODIFIER'),
		('ASH_OASIS_SCIENCE_MODIFIER',				'Amount',					'1'),
		('ASH_OASIS_SCIENCE_MODIFIER',				'YieldType',				'YIELD_SCIENCE'),
		('ASH_OASIS_FAITH',							'ModifierId',				'ASH_OASIS_FAITH_MODIFIER'),
		('ASH_OASIS_FAITH_MODIFIER',				'Amount',					'1'),
		('ASH_OASIS_FAITH_MODIFIER',				'YieldType',				'YIELD_FAITH'),
		('ASH_OASIS_PRODUCTION',					'ModifierId',				'ASH_OASIS_PRODUCTION_MODIFIER'),
		('ASH_OASIS_PRODUCTION_MODIFIER',			'Amount',					'1'),
		('ASH_OASIS_PRODUCTION_MODIFIER',			'YieldType',				'YIELD_PRODUCTION'),
		('ASH_OASIS_FOOD',							'ModifierId',				'ASH_OASIS_FOOD_MODIFIER'),
		('ASH_OASIS_FOOD_MODIFIER',					'Amount',					'1'),
		('ASH_OASIS_FOOD_MODIFIER',					'YieldType',				'YIELD_FOOD'),
		('ASH_OASIS_GOLD',							'ModifierId',				'ASH_OASIS_GOLD_MODIFIER'),
		('ASH_OASIS_GOLD_MODIFIER',					'Amount',					'1'),
		('ASH_OASIS_GOLD_MODIFIER',					'YieldType',				'YIELD_GOLD');

INSERT INTO ModifierArguments
		(ModifierId,									Name,						Value)
SELECT	'AMON_' || BuildingType || '_CULTURE',			'ModifierId',				'AMON_' || BuildingType || '_CULTURE_MODIFIER' FROM Buildings WHERE PrereqDistrict='DISTRICT_GOVERNMENT';

INSERT INTO ModifierArguments
		(ModifierId,									Name,						Value)
SELECT	'AMON_' || BuildingType || '_SCIENCE',			'ModifierId',				'AMON_' || BuildingType || '_SCIENCE_MODIFIER' FROM Buildings WHERE PrereqDistrict='DISTRICT_GOVERNMENT';

INSERT INTO ModifierArguments
		(ModifierId,									Name,						Value)
SELECT	'AMON_' || BuildingType || '_FAITH',			'ModifierId',				'AMON_' || BuildingType || '_FAITH_MODIFIER' FROM Buildings WHERE PrereqDistrict='DISTRICT_GOVERNMENT';

INSERT INTO ModifierArguments
		(ModifierId,									Name,						Value)
SELECT	'AMON_' || BuildingType || '_CULTURE_MODIFIER',	'BuildingType',				BuildingType FROM Buildings WHERE PrereqDistrict='DISTRICT_GOVERNMENT';

INSERT INTO ModifierArguments
		(ModifierId,									Name,						Value)
SELECT	'AMON_' || BuildingType || '_CULTURE_MODIFIER',	'Amount',					'1' FROM Buildings WHERE PrereqDistrict='DISTRICT_GOVERNMENT';

INSERT INTO ModifierArguments
		(ModifierId,									Name,						Value)
SELECT	'AMON_' || BuildingType || '_CULTURE_MODIFIER',	'YieldType',				'YIELD_CULTURE' FROM Buildings WHERE PrereqDistrict='DISTRICT_GOVERNMENT';

INSERT INTO ModifierArguments
		(ModifierId,									Name,						Value)
SELECT	'AMON_' || BuildingType || '_SCIENCE_MODIFIER',	'BuildingType',				BuildingType FROM Buildings WHERE PrereqDistrict='DISTRICT_GOVERNMENT';

INSERT INTO ModifierArguments
		(ModifierId,									Name,						Value)
SELECT	'AMON_' || BuildingType || '_SCIENCE_MODIFIER',	'Amount',					'1' FROM Buildings WHERE PrereqDistrict='DISTRICT_GOVERNMENT';

INSERT INTO ModifierArguments
		(ModifierId,									Name,						Value)
SELECT	'AMON_' || BuildingType || '_SCIENCE_MODIFIER',	'YieldType',				'YIELD_SCIENCE' FROM Buildings WHERE PrereqDistrict='DISTRICT_GOVERNMENT';

INSERT INTO ModifierArguments
		(ModifierId,									Name,						Value)
SELECT	'AMON_' || BuildingType || '_FAITH_MODIFIER',	'BuildingType',				BuildingType FROM Buildings WHERE PrereqDistrict='DISTRICT_GOVERNMENT';

INSERT INTO ModifierArguments
		(ModifierId,									Name,						Value)
SELECT	'AMON_' || BuildingType || '_FAITH_MODIFIER',	'Amount',					'1' FROM Buildings WHERE PrereqDistrict='DISTRICT_GOVERNMENT';

INSERT INTO ModifierArguments
		(ModifierId,									Name,						Value)
SELECT	'AMON_' || BuildingType || '_FAITH_MODIFIER',	'YieldType',				'YIELD_FAITH' FROM Buildings WHERE PrereqDistrict='DISTRICT_GOVERNMENT';
----------------------------------------------
--BeliefModifiers
----------------------------------------------
INSERT INTO BeliefModifiers
		(BeliefType,				ModifierID)
VALUES	('POK_BELIEF_NUN',				'NUN_SEA_LUXURY_SCIENCE'),
		('POK_BELIEF_NUN',				'NUN_SEA_LUXURY_CULTURE'),
		('POK_BELIEF_ATUM',				'ATUM_BUILDER_CHARGE'),
		('POK_BELIEF_AMON',				'AMON_PALACE_AMENITY'),
		('POK_BELIEF_AMON',				'AMON_PALACE_HOUSING'),
		('POK_BELIEF_AMON',				'AMON_PALACE_SCIENCE'),
		('POK_BELIEF_AMON',				'AMON_PALACE_CULTURE'),
		('POK_BELIEF_AMON',				'AMON_PALACE_PRODUCTION'),
		('POK_BELIEF_AMON',				'AMON_PALACE_GOLD'),
		('POK_BELIEF_ISIS',				'ISIS_HOLY_SITE_SCIENCE'),
		('POK_BELIEF_ISIS',				'ISIS_HOLY_SITE_CULTURE'),
		('POK_BELIEF_APEDEMAK',			'APEDEMAK_SCIENCE_KILLS'),
		('POK_BELIEF_ANUBIS',			'ANUBIS_APPEAL_GOLD'),
		('POK_BELIEF_SEBIUMEKER',		'SEBIUMEKER_GARRISON_CULTURE'),
		('POK_BELIEF_SEBIUMEKER',		'SEBIUMEKER_GARRISON_FAITH'),
		('POK_BELIEF_SEBIUMEKER',		'SEBIUMEKER_GARRISON_STRENGTH'),
		('POK_BELIEF_HORUS',			'HORUS_WILDCARD_SLOT'),
		('POK_BELIEF_BES',				'BES_CULTURE_HAPPY'),
		('POK_BELIEF_BES',				'BES_CULTURE_ECSTATIC'),
		('POK_BELIEF_BES',				'BES_FAITH_HAPPY'),
		('POK_BELIEF_BES',				'BES_FAITH_ECSTATIC'),
		('POK_BELIEF_ASH',				'ASH_OASIS_CULTURE'),
		('POK_BELIEF_ASH',				'ASH_OASIS_SCIENCE'),
		('POK_BELIEF_ASH',				'ASH_OASIS_FAITH'),
		('POK_BELIEF_ASH',				'ASH_OASIS_FOOD'),
		('POK_BELIEF_ASH',				'ASH_OASIS_GOLD'),
		('POK_BELIEF_ASH',				'ASH_OASIS_PRODUCTION');
----------------------------------------------
--Trigger
----------------------------------------------
CREATE TRIGGER IF NOT EXISTS POK_EGYPTIANPANTHEONS
AFTER INSERT ON Beliefs
WHEN NEW.BeliefType = 'POK_BELIEF_GOD_OF_CREATION'
BEGIN

DELETE FROM Beliefs WHERE BeliefType='POK_BELIEF_GOD_OF_CREATION';

END;
