-- UC_THR_Requirements
-- Author: JNR
--------------------------------------------------------------

-- Requirements
--------------------------------------------------------------
INSERT OR IGNORE INTO Requirements
		(RequirementId,								RequirementType)
VALUES	('REQUIRES_CITY_HAS_ASSEMBLY_JNR',			'REQUIREMENT_CITY_HAS_BUILDING'),
		('REQUIRES_CITY_HAS_CABINET_JNR',			'REQUIREMENT_CITY_HAS_BUILDING'),
		('REQUIRES_CITY_HAS_MANSION_JNR',			'REQUIREMENT_CITY_HAS_BUILDING'),
		('REQUIRES_CITY_HAS_OPERA_JNR',				'REQUIREMENT_CITY_HAS_BUILDING'),
		('REQUIRES_CITY_HAS_GRAND_HOTEL_JNR',		'REQUIREMENT_CITY_HAS_BUILDING'),
		('REQUIRES_CITY_HAS_BROADCAST_CENTER_JNR',	'REQUIREMENT_CITY_HAS_BUILDING'),
		('REQUIRES_CITY_HAS_MEDIA_CENTER_JNR',		'REQUIREMENT_CITY_HAS_BUILDING'),
		('REQUIRES_CITY_HAS_THEATER_TIER1_JNR',		'REQUIREMENT_REQUIREMENTSET_IS_MET'),
		('REQUIRES_CITY_HAS_THEATER_TIER2_JNR',		'REQUIREMENT_REQUIREMENTSET_IS_MET'),
		('REQUIRES_CITY_HAS_THEATER_TIER3_JNR',		'REQUIREMENT_REQUIREMENTSET_IS_MET'),
		('REQUIRES_CITY_HAS_THEATER_TIER4_JNR',		'REQUIREMENT_REQUIREMENTSET_IS_MET');
--------------------------------------------------------------

-- RequirementArguments
--------------------------------------------------------------
INSERT OR IGNORE INTO RequirementArguments
		(RequirementId,								Name,				Value)
VALUES	('REQUIRES_CITY_HAS_ASSEMBLY_JNR',			'BuildingType',		'BUILDING_JNR_ASSEMBLY'),
		('REQUIRES_CITY_HAS_CABINET_JNR',			'BuildingType',		'BUILDING_JNR_CABINET'),
		('REQUIRES_CITY_HAS_MANSION_JNR',			'BuildingType',		'BUILDING_JNR_MANSION'),
		('REQUIRES_CITY_HAS_OPERA_JNR',				'BuildingType',		'BUILDING_JNR_OPERA'),
		('REQUIRES_CITY_HAS_GRAND_HOTEL_JNR',		'BuildingType',		'BUILDING_JNR_GRAND_HOTEL'),
		('REQUIRES_CITY_HAS_BROADCAST_CENTER_JNR',	'BuildingType',		'BUILDING_BROADCAST_CENTER'),
		('REQUIRES_CITY_HAS_MEDIA_CENTER_JNR',		'BuildingType',		'BUILDING_JNR_MEDIA_CENTER'),
		('REQUIRES_CITY_HAS_THEATER_TIER1_JNR',		'RequirementSetId',	'BUILDING_IS_THEATER_TIER1_JNR'),
		('REQUIRES_CITY_HAS_THEATER_TIER2_JNR',		'RequirementSetId',	'BUILDING_IS_THEATER_TIER2_JNR'),
		('REQUIRES_CITY_HAS_THEATER_TIER3_JNR',		'RequirementSetId',	'BUILDING_IS_THEATER_TIER3_JNR'),
		('REQUIRES_CITY_HAS_THEATER_TIER4_JNR',		'RequirementSetId',	'BUILDING_IS_THEATER_TIER4_JNR');
--------------------------------------------------------------

-- RequirementSets
--------------------------------------------------------------
INSERT OR IGNORE INTO RequirementSets
		(RequirementSetId,					RequirementSetType)
VALUES	('BUILDING_IS_THEATER_TIER1_JNR',	'REQUIREMENTSET_TEST_ANY'),
		('BUILDING_IS_THEATER_TIER2_JNR',	'REQUIREMENTSET_TEST_ANY'),
		('BUILDING_IS_THEATER_TIER3_JNR',	'REQUIREMENTSET_TEST_ANY'),
		('BUILDING_IS_THEATER_TIER4_JNR',	'REQUIREMENTSET_TEST_ANY'),
		('BUILDING_IS_ASSEMBLY_JNR',		'REQUIREMENTSET_TEST_ALL');
--------------------------------------------------------------

-- RequirementSetRequirements
--------------------------------------------------------------
INSERT OR IGNORE INTO RequirementSetRequirements
		(RequirementSetId,					RequirementId)
VALUES	('BUILDING_IS_THEATER_TIER1_JNR',	'REQUIRES_CITY_HAS_AMPHITHEATER'),
		('BUILDING_IS_THEATER_TIER1_JNR',	'REQUIRES_CITY_HAS_ASSEMBLY_JNR'),
		('BUILDING_IS_THEATER_TIER2_JNR',	'REQUIRES_CITY_HAS_CABINET_JNR'),
		('BUILDING_IS_THEATER_TIER2_JNR',	'REQUIRES_CITY_HAS_MANSION_JNR'),
		('BUILDING_IS_THEATER_TIER3_JNR',	'REQUIRES_CITY_HAS_OPERA_JNR'),
		('BUILDING_IS_THEATER_TIER3_JNR',	'REQUIRES_CITY_HAS_GRAND_HOTEL_JNR'),
		('BUILDING_IS_THEATER_TIER4_JNR',	'REQUIRES_CITY_HAS_BROADCAST_CENTER_JNR'),
		('BUILDING_IS_THEATER_TIER4_JNR',	'REQUIRES_CITY_HAS_MEDIA_CENTER_JNR'),
		('BUILDING_IS_ASSEMBLY_JNR',		'REQUIRES_CITY_HAS_ASSEMBLY_JNR');
--------------------------------------------------------------

-- Modifiers
--------------------------------------------------------------
UPDATE Modifiers SET SubjectRequirementSetId='BUILDING_IS_THEATER_TIER1_JNR'	WHERE ModifierId='MINOR_CIV_STOCKHOLM_GREAT_WRITER_POINTS_BONUS';
UPDATE Modifiers SET SubjectRequirementSetId='BUILDING_IS_THEATER_TIER1_JNR'	WHERE ModifierId='MINOR_CIV_STOCKHOLM_GREAT_ARTIST_POINTS_BONUS';
UPDATE Modifiers SET SubjectRequirementSetId='BUILDING_IS_THEATER_TIER1_JNR'	WHERE ModifierId='MINOR_CIV_STOCKHOLM_GREAT_MUSICIAN_POINTS_BONUS';
UPDATE Modifiers SET SubjectRequirementSetId='BUILDING_IS_THEATER_TIER1_JNR'	WHERE ModifierId='MINOR_CIV_BOLOGNA_GREAT_WRITER_POINTS_BONUS';
UPDATE Modifiers SET SubjectRequirementSetId='BUILDING_IS_THEATER_TIER1_JNR'	WHERE ModifierId='MINOR_CIV_BOLOGNA_GREAT_ARTIST_POINTS_BONUS';
UPDATE Modifiers SET SubjectRequirementSetId='BUILDING_IS_THEATER_TIER1_JNR'	WHERE ModifierId='MINOR_CIV_BOLOGNA_GREAT_MUSICIAN_POINTS_BONUS';
--------------------------------------------------------------