-- UC_THR_Bonuses_Yields
-- Author: JNR
--------------------------------------------------------------

-- Buildings
--------------------------------------------------------------
UPDATE Buildings SET RegionalRange=6 WHERE BuildingType='BUILDING_BROADCAST_CENTER';
UPDATE Buildings SET RegionalRange=6 WHERE BuildingType='BUILDING_FILM_STUDIO';
--------------------------------------------------------------

-- Building_YieldChanges
--------------------------------------------------------------
INSERT OR IGNORE INTO Building_YieldChanges
		(BuildingType,				YieldType,			YieldChange)
VALUES	('BUILDING_JNR_ASSEMBLY',	'YIELD_CULTURE',	1),
		('BUILDING_JNR_CABINET',	'YIELD_CULTURE',	1),
		('BUILDING_JNR_MANSION',	'YIELD_CULTURE',	1),
		('BUILDING_JNR_OPERA',		'YIELD_CULTURE',	1);

UPDATE Building_YieldChanges SET YieldChange=1	WHERE BuildingType='BUILDING_MUSEUM_ART'		AND YieldType='YIELD_CULTURE';
UPDATE Building_YieldChanges SET YieldChange=1	WHERE BuildingType='BUILDING_MUSEUM_ARTIFACT'	AND YieldType='YIELD_CULTURE';
UPDATE Building_YieldChanges SET YieldChange=3	WHERE BuildingType='BUILDING_BROADCAST_CENTER'	AND YieldType='YIELD_CULTURE';
UPDATE Building_YieldChanges SET YieldChange=0	WHERE BuildingType='BUILDING_FILM_STUDIO'		AND YieldType='YIELD_CULTURE';
--------------------------------------------------------------

-- Building_CitizenYieldChanges
--------------------------------------------------------------
INSERT OR IGNORE INTO Building_CitizenYieldChanges
		(BuildingType,					YieldType,			YieldChange)
VALUES	('BUILDING_JNR_CABINET',		'YIELD_CULTURE',	1),
		('BUILDING_JNR_OPERA',			'YIELD_CULTURE',	1),
		('BUILDING_JNR_GRAND_HOTEL',	'YIELD_CULTURE',	1),
		('BUILDING_JNR_MEDIA_CENTER',	'YIELD_CULTURE',	1);

INSERT OR IGNORE INTO Building_CitizenYieldChanges
		(BuildingType,					YieldType,			YieldChange)
SELECT	BuildingType,					'YIELD_CULTURE',	1
FROM	Buildings
WHERE	BuildingType='BUILDING_JNR_DOJO';
--------------------------------------------------------------

-- Building_YieldChangesBonusWithPower
--------------------------------------------------------------
INSERT OR IGNORE INTO Building_YieldChangesBonusWithPower
		(BuildingType,					YieldType,			YieldChange)
VALUES	('BUILDING_JNR_MEDIA_CENTER',	'YIELD_CULTURE',	3);

UPDATE Building_YieldChangesBonusWithPower SET YieldChange=3 WHERE BuildingType='BUILDING_BROADCAST_CENTER'	AND YieldType='YIELD_CULTURE';
UPDATE Building_YieldChangesBonusWithPower SET YieldChange=3 WHERE BuildingType='BUILDING_FILM_STUDIO'		AND YieldType='YIELD_CULTURE';
--------------------------------------------------------------

-- Tags
--------------------------------------------------------------
INSERT OR IGNORE INTO Tags
		(Tag,									Vocabulary)
VALUES	('CLASS_JNR_RESOURCE_THEME_ARTIFACT',	'RESOURCE_CLASS');
--------------------------------------------------------------

-- TypeTags
--------------------------------------------------------------
INSERT OR IGNORE INTO TypeTags
		(Type,						Tag)
VALUES	('RESOURCE_ANTIQUITY_SITE',	'CLASS_JNR_RESOURCE_THEME_ARTIFACT'),
		('RESOURCE_SHIPWRECK',		'CLASS_JNR_RESOURCE_THEME_ARTIFACT');
--------------------------------------------------------------

-- Requirements
--------------------------------------------------------------
INSERT OR IGNORE INTO Requirements
		(RequirementId,								RequirementType)
VALUES	('REQUIRES_CITY_HAS_1_TITLE_GOVERNOR_JNR',	'REQUIREMENT_CITY_HAS_GOVERNOR_WITH_X_TITLES'),
		('REQUIRES_CITY_HAS_3_TITLE_GOVERNOR_JNR',	'REQUIREMENT_CITY_HAS_GOVERNOR_WITH_X_TITLES'),
		('REQUIRES_CITY_HAS_4_TITLE_GOVERNOR_JNR',	'REQUIREMENT_CITY_HAS_GOVERNOR_WITH_X_TITLES'),
		('REQUIRES_CITY_HAS_5_TITLE_GOVERNOR_JNR',	'REQUIREMENT_CITY_HAS_GOVERNOR_WITH_X_TITLES'),
		('REQUIRES_CITY_HAS_6_TITLE_GOVERNOR_JNR',	'REQUIREMENT_CITY_HAS_GOVERNOR_WITH_X_TITLES'),

		('REQUIRES_CITY_HAS_GRASS_ANY_JNR',			'REQUIREMENT_CITY_HAS_X_TERRAIN_TYPE'),
		('REQUIRES_CITY_HAS_PLAINS_ANY_JNR',		'REQUIREMENT_CITY_HAS_X_TERRAIN_TYPE'),
		('REQUIRES_CITY_HAS_DESERT_ANY_JNR',		'REQUIREMENT_CITY_HAS_X_TERRAIN_TYPE'),
		('REQUIRES_CITY_HAS_TUNDRA_ANY_JNR',		'REQUIREMENT_CITY_HAS_X_TERRAIN_TYPE'),
		('REQUIRES_CITY_HAS_SNOW_ANY_JNR',			'REQUIREMENT_CITY_HAS_X_TERRAIN_TYPE'),
		('REQUIRES_CITY_HAS_MOUNTAIN_GRASS_JNR',	'REQUIREMENT_CITY_HAS_X_TERRAIN_TYPE'),
		('REQUIRES_CITY_HAS_MOUNTAIN_PLAINS_JNR',	'REQUIREMENT_CITY_HAS_X_TERRAIN_TYPE'),
		('REQUIRES_CITY_HAS_MOUNTAIN_DESERT_JNR',	'REQUIREMENT_CITY_HAS_X_TERRAIN_TYPE'),
		('REQUIRES_CITY_HAS_MOUNTAIN_TUNDRA_JNR',	'REQUIREMENT_CITY_HAS_X_TERRAIN_TYPE'),
		('REQUIRES_CITY_HAS_MOUNTAIN_SNOW_JNR',		'REQUIREMENT_CITY_HAS_X_TERRAIN_TYPE'),
		('REQUIRES_CITY_HAS_COAST_JNR',				'REQUIREMENT_CITY_HAS_X_TERRAIN_TYPE'),
		('REQUIRES_CITY_HAS_OCEAN_JNR',				'REQUIREMENT_CITY_HAS_X_TERRAIN_TYPE'),

		('REQUIRES_PLOT_HAS_ARTIFACT_SITE_JNR',		'REQUIREMENT_PLOT_RESOURCE_TAG_MATCHES');
--------------------------------------------------------------

-- RequirementArguments
--------------------------------------------------------------
INSERT OR IGNORE INTO RequirementArguments
		(RequirementId,								Name,				Value)
VALUES	('REQUIRES_CITY_HAS_1_TITLE_GOVERNOR_JNR',	'Established',		1),
		('REQUIRES_CITY_HAS_1_TITLE_GOVERNOR_JNR',	'Amount',			1),
		('REQUIRES_CITY_HAS_3_TITLE_GOVERNOR_JNR',	'Established',		1),
		('REQUIRES_CITY_HAS_3_TITLE_GOVERNOR_JNR',	'Amount',			3),
		('REQUIRES_CITY_HAS_4_TITLE_GOVERNOR_JNR',	'Established',		1),
		('REQUIRES_CITY_HAS_4_TITLE_GOVERNOR_JNR',	'Amount',			4),
		('REQUIRES_CITY_HAS_5_TITLE_GOVERNOR_JNR',	'Established',		1),
		('REQUIRES_CITY_HAS_5_TITLE_GOVERNOR_JNR',	'Amount',			5),
		('REQUIRES_CITY_HAS_6_TITLE_GOVERNOR_JNR',	'Established',		1),
		('REQUIRES_CITY_HAS_6_TITLE_GOVERNOR_JNR',	'Amount',			6),

		('REQUIRES_CITY_HAS_GRASS_ANY_JNR',			'TerrainType',		'TERRAIN_GRASS'),
		('REQUIRES_CITY_HAS_PLAINS_ANY_JNR',		'TerrainType',		'TERRAIN_PLAINS'),
		('REQUIRES_CITY_HAS_DESERT_ANY_JNR',		'TerrainType',		'TERRAIN_DESERT'),
		('REQUIRES_CITY_HAS_TUNDRA_ANY_JNR',		'TerrainType',		'TERRAIN_TUNDRA'),
		('REQUIRES_CITY_HAS_SNOW_ANY_JNR',			'TerrainType',		'TERRAIN_SNOW'),
		('REQUIRES_CITY_HAS_MOUNTAIN_GRASS_JNR',	'TerrainType',		'TERRAIN_GRASS_MOUNTAIN'),
		('REQUIRES_CITY_HAS_MOUNTAIN_PLAINS_JNR',	'TerrainType',		'TERRAIN_PLAINS_MOUNTAIN'),
		('REQUIRES_CITY_HAS_MOUNTAIN_DESERT_JNR',	'TerrainType',		'TERRAIN_DESERT_MOUNTAIN'),
		('REQUIRES_CITY_HAS_MOUNTAIN_TUNDRA_JNR',	'TerrainType',		'TERRAIN_TUNDRA_MOUNTAIN'),
		('REQUIRES_CITY_HAS_MOUNTAIN_SNOW_JNR',		'TerrainType',		'TERRAIN_SNOW_MOUNTAIN'),
		('REQUIRES_CITY_HAS_COAST_JNR',				'TerrainType',		'TERRAIN_COAST'),
		('REQUIRES_CITY_HAS_OCEAN_JNR',				'TerrainType',		'TERRAIN_OCEAN'),

		('REQUIRES_CITY_HAS_GRASS_ANY_JNR',			'Hills',			1),
		('REQUIRES_CITY_HAS_PLAINS_ANY_JNR',		'Hills',			1),
		('REQUIRES_CITY_HAS_DESERT_ANY_JNR',		'Hills',			1),
		('REQUIRES_CITY_HAS_TUNDRA_ANY_JNR',		'Hills',			1),
		('REQUIRES_CITY_HAS_SNOW_ANY_JNR',			'Hills',			1),
		('REQUIRES_CITY_HAS_MOUNTAIN_GRASS_JNR',	'Hills',			0),
		('REQUIRES_CITY_HAS_MOUNTAIN_PLAINS_JNR',	'Hills',			0),
		('REQUIRES_CITY_HAS_MOUNTAIN_DESERT_JNR',	'Hills',			0),
		('REQUIRES_CITY_HAS_MOUNTAIN_TUNDRA_JNR',	'Hills',			0),
		('REQUIRES_CITY_HAS_MOUNTAIN_SNOW_JNR',		'Hills',			0),
		('REQUIRES_CITY_HAS_COAST_JNR',				'Hills',			0),
		('REQUIRES_CITY_HAS_OCEAN_JNR',				'Hills',			0),

		('REQUIRES_CITY_HAS_GRASS_ANY_JNR',			'Amount',			2),
		('REQUIRES_CITY_HAS_PLAINS_ANY_JNR',		'Amount',			2),
		('REQUIRES_CITY_HAS_DESERT_ANY_JNR',		'Amount',			2),
		('REQUIRES_CITY_HAS_TUNDRA_ANY_JNR',		'Amount',			2),
		('REQUIRES_CITY_HAS_SNOW_ANY_JNR',			'Amount',			2),
		('REQUIRES_CITY_HAS_MOUNTAIN_GRASS_JNR',	'Amount',			2),
		('REQUIRES_CITY_HAS_MOUNTAIN_PLAINS_JNR',	'Amount',			2),
		('REQUIRES_CITY_HAS_MOUNTAIN_DESERT_JNR',	'Amount',			2),
		('REQUIRES_CITY_HAS_MOUNTAIN_TUNDRA_JNR',	'Amount',			2),
		('REQUIRES_CITY_HAS_MOUNTAIN_SNOW_JNR',		'Amount',			2),
		('REQUIRES_CITY_HAS_COAST_JNR',				'Amount',			2),
		('REQUIRES_CITY_HAS_OCEAN_JNR',				'Amount',			2),

		('REQUIRES_PLOT_HAS_ARTIFACT_SITE_JNR',		'Tag',				'CLASS_JNR_RESOURCE_THEME_ARTIFACT');
--------------------------------------------------------------

-- RequirementSets
--------------------------------------------------------------
INSERT OR IGNORE INTO RequirementSets
		(RequirementSetId,								RequirementSetType)
VALUES	('CITY_HAS_1_TITLE_GOVERNOR_REQUIREMENTS_JNR',	'REQUIREMENTSET_TEST_ALL'),
		('CITY_HAS_3_TITLE_GOVERNOR_REQUIREMENTS_JNR',	'REQUIREMENTSET_TEST_ALL'),
		('CITY_HAS_4_TITLE_GOVERNOR_REQUIREMENTS_JNR',	'REQUIREMENTSET_TEST_ALL'),
		('CITY_HAS_5_TITLE_GOVERNOR_REQUIREMENTS_JNR',	'REQUIREMENTSET_TEST_ALL'),
		('CITY_HAS_6_TITLE_GOVERNOR_REQUIREMENTS_JNR',	'REQUIREMENTSET_TEST_ALL'),
		('CITY_HAS_GRASS_JNR',							'REQUIREMENTSET_TEST_ALL'),
		('CITY_HAS_PLAINS_JNR',							'REQUIREMENTSET_TEST_ALL'),
		('CITY_HAS_DESERT_JNR',							'REQUIREMENTSET_TEST_ALL'),
		('CITY_HAS_TUNDRA_JNR',							'REQUIREMENTSET_TEST_ALL'),
		('CITY_HAS_SNOW_JNR',							'REQUIREMENTSET_TEST_ALL'),
		('CITY_HAS_MOUNTAIN_JNR',						'REQUIREMENTSET_TEST_ANY'),
		('CITY_HAS_WATER_JNR',							'REQUIREMENTSET_TEST_ANY'),
		('PLOT_HAS_ARTIFACT_SITE_JNR',					'REQUIREMENTSET_TEST_ALL');
--------------------------------------------------------------

-- RequirementSetRequirements
--------------------------------------------------------------
INSERT OR IGNORE INTO RequirementSetRequirements
		(RequirementSetId,								RequirementId)
VALUES	('CITY_HAS_1_TITLE_GOVERNOR_REQUIREMENTS_JNR',	'REQUIRES_CITY_HAS_1_TITLE_GOVERNOR_JNR'),
		('CITY_HAS_3_TITLE_GOVERNOR_REQUIREMENTS_JNR',	'REQUIRES_CITY_HAS_3_TITLE_GOVERNOR_JNR'),
		('CITY_HAS_4_TITLE_GOVERNOR_REQUIREMENTS_JNR',	'REQUIRES_CITY_HAS_4_TITLE_GOVERNOR_JNR'),
		('CITY_HAS_5_TITLE_GOVERNOR_REQUIREMENTS_JNR',	'REQUIRES_CITY_HAS_5_TITLE_GOVERNOR_JNR'),
		('CITY_HAS_6_TITLE_GOVERNOR_REQUIREMENTS_JNR',	'REQUIRES_CITY_HAS_6_TITLE_GOVERNOR_JNR'),
		('CITY_HAS_GRASS_JNR',							'REQUIRES_CITY_HAS_GRASS_ANY_JNR'),
		('CITY_HAS_PLAINS_JNR',							'REQUIRES_CITY_HAS_PLAINS_ANY_JNR'),
		('CITY_HAS_DESERT_JNR',							'REQUIRES_CITY_HAS_DESERT_ANY_JNR'),
		('CITY_HAS_TUNDRA_JNR',							'REQUIRES_CITY_HAS_TUNDRA_ANY_JNR'),
		('CITY_HAS_SNOW_JNR',							'REQUIRES_CITY_HAS_SNOW_ANY_JNR'),
		('CITY_HAS_MOUNTAIN_JNR',						'REQUIRES_CITY_HAS_MOUNTAIN_GRASS_JNR'),
		('CITY_HAS_MOUNTAIN_JNR',						'REQUIRES_CITY_HAS_MOUNTAIN_PLAINS_JNR'),
		('CITY_HAS_MOUNTAIN_JNR',						'REQUIRES_CITY_HAS_MOUNTAIN_DESERT_JNR'),
		('CITY_HAS_MOUNTAIN_JNR',						'REQUIRES_CITY_HAS_MOUNTAIN_TUNDRA_JNR'),
		('CITY_HAS_MOUNTAIN_JNR',						'REQUIRES_CITY_HAS_MOUNTAIN_SNOW_JNR'),
		('CITY_HAS_WATER_JNR',							'REQUIRES_CITY_HAS_COAST_JNR'),
		('CITY_HAS_WATER_JNR',							'REQUIRES_CITY_HAS_OCEAN_JNR'),
		('PLOT_HAS_ARTIFACT_SITE_JNR',					'REQUIRES_PLOT_HAS_ARTIFACT_SITE_JNR');
--------------------------------------------------------------

-- Types
--------------------------------------------------------------
INSERT OR IGNORE INTO Types
		(Type,														Kind)
VALUES	('MODIFIER_JNR_CITY_DISTRICT_ADJUST_YIELD_BASED_ON_APPEAL',	'KIND_MODIFIER'),
		('MODIFIER_JNR_CITY_DISTRICTS_ADJUST_EXTRA_REGIONAL_YIELD',	'KIND_MODIFIER');
--------------------------------------------------------------

-- DynamicModifiers
--------------------------------------------------------------
INSERT OR IGNORE INTO DynamicModifiers
		(ModifierType,												CollectionType,					EffectType)
VALUES	('MODIFIER_JNR_CITY_DISTRICT_ADJUST_YIELD_BASED_ON_APPEAL',	'COLLECTION_OWNER_CITY',		'EFFECT_ADJUST_DISTRICT_YIELD_BASED_ON_APPEAL'),
		('MODIFIER_JNR_CITY_DISTRICTS_ADJUST_EXTRA_REGIONAL_YIELD',	'COLLECTION_CITY_DISTRICTS',	'EFFECT_ADJUST_DISTRICT_EXTRA_REGIONAL_YIELD');
--------------------------------------------------------------

-- Modifiers
--------------------------------------------------------------
INSERT OR IGNORE INTO Modifiers
		(ModifierId,									ModifierType,												SubjectRequirementSetId)
VALUES	('JNR_ASSEMBLY_CULTURE_POPULATION',				'MODIFIER_SINGLE_CITY_ADJUST_CITY_YIELD_PER_POPULATION',	NULL),
		('JNR_MANSION_CULTURE_1_TITLE',					'MODIFIER_BUILDING_YIELD_CHANGE',							'CITY_HAS_1_TITLE_GOVERNOR_REQUIREMENTS_JNR'),
		('JNR_MANSION_CULTURE_2_TITLE',					'MODIFIER_BUILDING_YIELD_CHANGE',							'CITY_HAS_2_TITLE_GOVERNOR_REQUIREMENTS'),
		('JNR_MANSION_CULTURE_3_TITLE',					'MODIFIER_BUILDING_YIELD_CHANGE',							'CITY_HAS_3_TITLE_GOVERNOR_REQUIREMENTS_JNR'),
		('JNR_MANSION_CULTURE_4_TITLE',					'MODIFIER_BUILDING_YIELD_CHANGE',							'CITY_HAS_4_TITLE_GOVERNOR_REQUIREMENTS_JNR'),
		('JNR_MANSION_CULTURE_5_TITLE',					'MODIFIER_BUILDING_YIELD_CHANGE',							'CITY_HAS_5_TITLE_GOVERNOR_REQUIREMENTS_JNR'),
		('JNR_MANSION_CULTURE_6_TITLE',					'MODIFIER_BUILDING_YIELD_CHANGE',							'CITY_HAS_6_TITLE_GOVERNOR_REQUIREMENTS_JNR'),
		('JNR_GRAND_HOTEL_CULTURE_CHARMING',			'MODIFIER_JNR_CITY_DISTRICT_ADJUST_YIELD_BASED_ON_APPEAL',	NULL),
		('JNR_GRAND_HOTEL_CULTURE_BREATHTAKING',		'MODIFIER_JNR_CITY_DISTRICT_ADJUST_YIELD_BASED_ON_APPEAL',	NULL),
		('JNR_MEDIA_CENTER_CULTURE_PERCENTAGE',			'MODIFIER_SINGLE_CITY_ADJUST_CITY_YIELD_MODIFIER',			NULL),
		('JNR_MEDIA_CENTER_CULTURE_PERCENTAGE_POWERED',	'MODIFIER_SINGLE_CITY_ADJUST_CITY_YIELD_MODIFIER',			'CITY_IS_POWERED'),
		('JNR_MUSEUM_ARTIFACT_CULTURE_ARTIFACT_SITE',	'MODIFIER_CITY_PLOT_YIELDS_ADJUST_PLOT_YIELD',				'PLOT_HAS_ARTIFACT_SITE_JNR'),
		('JNR_FILM_STUDIO_CULTURE_GRASS_ATTACH',		'MODIFIER_SINGLE_CITY_ATTACH_MODIFIER',						'CITY_HAS_GRASS_JNR'),
		('JNR_FILM_STUDIO_CULTURE_PLAINS_ATTACH',		'MODIFIER_SINGLE_CITY_ATTACH_MODIFIER',						'CITY_HAS_PLAINS_JNR'),
		('JNR_FILM_STUDIO_CULTURE_DESERT_ATTACH',		'MODIFIER_SINGLE_CITY_ATTACH_MODIFIER',						'CITY_HAS_DESERT_JNR'),
		('JNR_FILM_STUDIO_CULTURE_TUNDRA_ATTACH',		'MODIFIER_SINGLE_CITY_ATTACH_MODIFIER',						'CITY_HAS_TUNDRA_JNR'),
		('JNR_FILM_STUDIO_CULTURE_SNOW_ATTACH',			'MODIFIER_SINGLE_CITY_ATTACH_MODIFIER',						'CITY_HAS_SNOW_JNR'),
		('JNR_FILM_STUDIO_CULTURE_MOUNTAIN_ATTACH',		'MODIFIER_SINGLE_CITY_ATTACH_MODIFIER',						'CITY_HAS_MOUNTAIN_JNR'),
		('JNR_FILM_STUDIO_CULTURE_WATER_ATTACH',		'MODIFIER_SINGLE_CITY_ATTACH_MODIFIER',						'CITY_HAS_WATER_JNR'),
		('JNR_FILM_STUDIO_CULTURE_GRASS',				'MODIFIER_JNR_CITY_DISTRICTS_ADJUST_EXTRA_REGIONAL_YIELD',	'DISTRICT_IS_THEATER'),
		('JNR_FILM_STUDIO_CULTURE_PLAINS',				'MODIFIER_JNR_CITY_DISTRICTS_ADJUST_EXTRA_REGIONAL_YIELD',	'DISTRICT_IS_THEATER'),
		('JNR_FILM_STUDIO_CULTURE_DESERT',				'MODIFIER_JNR_CITY_DISTRICTS_ADJUST_EXTRA_REGIONAL_YIELD',	'DISTRICT_IS_THEATER'),
		('JNR_FILM_STUDIO_CULTURE_TUNDRA',				'MODIFIER_JNR_CITY_DISTRICTS_ADJUST_EXTRA_REGIONAL_YIELD',	'DISTRICT_IS_THEATER'),
		('JNR_FILM_STUDIO_CULTURE_SNOW',				'MODIFIER_JNR_CITY_DISTRICTS_ADJUST_EXTRA_REGIONAL_YIELD',	'DISTRICT_IS_THEATER'),
		('JNR_FILM_STUDIO_CULTURE_MOUNTAIN',			'MODIFIER_JNR_CITY_DISTRICTS_ADJUST_EXTRA_REGIONAL_YIELD',	'DISTRICT_IS_THEATER'),
		('JNR_FILM_STUDIO_CULTURE_WATER',				'MODIFIER_JNR_CITY_DISTRICTS_ADJUST_EXTRA_REGIONAL_YIELD',	'DISTRICT_IS_THEATER');
		

INSERT OR IGNORE INTO Modifiers
		(ModifierId,									ModifierType)
SELECT	'JNR_OPERA_CULTURE_' || GreatWorkObjectType,	'MODIFIER_SINGLE_CITY_ADJUST_GREATWORK_YIELD'
FROM	GreatWorkObjectTypes
WHERE	GreatWorkObjectType IS NOT NULL;
--------------------------------------------------------------

-- ModifierArguments
--------------------------------------------------------------
INSERT OR IGNORE INTO ModifierArguments
		(ModifierId,									Name,					Value)
VALUES	('JNR_ASSEMBLY_CULTURE_POPULATION',				'YieldType',			'YIELD_CULTURE'),
		('JNR_ASSEMBLY_CULTURE_POPULATION',				'Amount',				0.2),
		('JNR_MANSION_CULTURE_1_TITLE',					'BuildingType',			'BUILDING_JNR_MANSION'),
		('JNR_MANSION_CULTURE_1_TITLE',					'YieldType',			'YIELD_CULTURE'),
		('JNR_MANSION_CULTURE_1_TITLE',					'Amount',				1),
		('JNR_MANSION_CULTURE_2_TITLE',					'BuildingType',			'BUILDING_JNR_MANSION'),
		('JNR_MANSION_CULTURE_2_TITLE',					'YieldType',			'YIELD_CULTURE'),
		('JNR_MANSION_CULTURE_2_TITLE',					'Amount',				1),
		('JNR_MANSION_CULTURE_3_TITLE',					'BuildingType',			'BUILDING_JNR_MANSION'),
		('JNR_MANSION_CULTURE_3_TITLE',					'YieldType',			'YIELD_CULTURE'),
		('JNR_MANSION_CULTURE_3_TITLE',					'Amount',				1),
		('JNR_MANSION_CULTURE_4_TITLE',					'BuildingType',			'BUILDING_JNR_MANSION'),
		('JNR_MANSION_CULTURE_4_TITLE',					'YieldType',			'YIELD_CULTURE'),
		('JNR_MANSION_CULTURE_4_TITLE',					'Amount',				1),
		('JNR_MANSION_CULTURE_5_TITLE',					'BuildingType',			'BUILDING_JNR_MANSION'),
		('JNR_MANSION_CULTURE_5_TITLE',					'YieldType',			'YIELD_CULTURE'),
		('JNR_MANSION_CULTURE_5_TITLE',					'Amount',				1),
		('JNR_MANSION_CULTURE_6_TITLE',					'BuildingType',			'BUILDING_JNR_MANSION'),
		('JNR_MANSION_CULTURE_6_TITLE',					'YieldType',			'YIELD_CULTURE'),
		('JNR_MANSION_CULTURE_6_TITLE',					'Amount',				1),
		('JNR_GRAND_HOTEL_CULTURE_CHARMING',			'Description',			'LOC_DISTRICT_APPEAL_CULTURE'),
		('JNR_GRAND_HOTEL_CULTURE_CHARMING',			'DistrictType',			'DISTRICT_THEATER'),
		('JNR_GRAND_HOTEL_CULTURE_CHARMING',			'RequiredAppeal',		2),
		('JNR_GRAND_HOTEL_CULTURE_CHARMING',			'YieldType',			'YIELD_CULTURE'),
		('JNR_GRAND_HOTEL_CULTURE_CHARMING',			'YieldChange',			1),
		('JNR_GRAND_HOTEL_CULTURE_BREATHTAKING',		'Description',			'LOC_DISTRICT_APPEAL_CULTURE'),
		('JNR_GRAND_HOTEL_CULTURE_BREATHTAKING',		'DistrictType',			'DISTRICT_THEATER'),
		('JNR_GRAND_HOTEL_CULTURE_BREATHTAKING',		'RequiredAppeal',		4),
		('JNR_GRAND_HOTEL_CULTURE_BREATHTAKING',		'YieldType',			'YIELD_CULTURE'),
		('JNR_GRAND_HOTEL_CULTURE_BREATHTAKING',		'YieldChange',			1),
		('JNR_MEDIA_CENTER_CULTURE_PERCENTAGE',			'YieldType',			'YIELD_CULTURE'),
		('JNR_MEDIA_CENTER_CULTURE_PERCENTAGE',			'Amount',				5),
		('JNR_MEDIA_CENTER_CULTURE_PERCENTAGE_POWERED',	'YieldType',			'YIELD_CULTURE'),
		('JNR_MEDIA_CENTER_CULTURE_PERCENTAGE_POWERED',	'Amount',				5),
		('JNR_FILM_STUDIO_CULTURE_GRASS_ATTACH',		'ModifierId',			'JNR_FILM_STUDIO_CULTURE_GRASS'),
		('JNR_FILM_STUDIO_CULTURE_PLAINS_ATTACH',		'ModifierId',			'JNR_FILM_STUDIO_CULTURE_PLAINS'),
		('JNR_FILM_STUDIO_CULTURE_DESERT_ATTACH',		'ModifierId',			'JNR_FILM_STUDIO_CULTURE_DESERT'),
		('JNR_FILM_STUDIO_CULTURE_TUNDRA_ATTACH',		'ModifierId',			'JNR_FILM_STUDIO_CULTURE_TUNDRA'),
		('JNR_FILM_STUDIO_CULTURE_SNOW_ATTACH',			'ModifierId',			'JNR_FILM_STUDIO_CULTURE_SNOW'),
		('JNR_FILM_STUDIO_CULTURE_MOUNTAIN_ATTACH',		'ModifierId',			'JNR_FILM_STUDIO_CULTURE_MOUNTAIN'),
		('JNR_FILM_STUDIO_CULTURE_WATER_ATTACH',		'ModifierId',			'JNR_FILM_STUDIO_CULTURE_WATER'),
		('JNR_FILM_STUDIO_CULTURE_GRASS',				'YieldType',			'YIELD_CULTURE'),
		('JNR_FILM_STUDIO_CULTURE_GRASS',				'Amount',				1),
		('JNR_FILM_STUDIO_CULTURE_PLAINS',				'YieldType',			'YIELD_CULTURE'),
		('JNR_FILM_STUDIO_CULTURE_PLAINS',				'Amount',				1),
		('JNR_FILM_STUDIO_CULTURE_DESERT',				'YieldType',			'YIELD_CULTURE'),
		('JNR_FILM_STUDIO_CULTURE_DESERT',				'Amount',				1),
		('JNR_FILM_STUDIO_CULTURE_TUNDRA',				'YieldType',			'YIELD_CULTURE'),
		('JNR_FILM_STUDIO_CULTURE_TUNDRA',				'Amount',				1),
		('JNR_FILM_STUDIO_CULTURE_SNOW',				'YieldType',			'YIELD_CULTURE'),
		('JNR_FILM_STUDIO_CULTURE_SNOW',				'Amount',				1),
		('JNR_FILM_STUDIO_CULTURE_MOUNTAIN',			'YieldType',			'YIELD_CULTURE'),
		('JNR_FILM_STUDIO_CULTURE_MOUNTAIN',			'Amount',				1),
		('JNR_FILM_STUDIO_CULTURE_WATER',				'YieldType',			'YIELD_CULTURE'),
		('JNR_FILM_STUDIO_CULTURE_WATER',				'Amount',				1),
		('JNR_MUSEUM_ARTIFACT_CULTURE_ARTIFACT_SITE',	'YieldType',			'YIELD_CULTURE'),
		('JNR_MUSEUM_ARTIFACT_CULTURE_ARTIFACT_SITE',	'Amount',				3);

INSERT OR IGNORE INTO ModifierArguments
		(ModifierId,									Name,					Value)
SELECT	'JNR_OPERA_CULTURE_' || GreatWorkObjectType,	'GreatWorkObjectType',	GreatWorkObjectType
FROM	GreatWorkObjectTypes
WHERE	GreatWorkObjectType IS NOT NULL;

INSERT OR IGNORE INTO ModifierArguments
		(ModifierId,									Name,					Value)
SELECT	'JNR_OPERA_CULTURE_' || GreatWorkObjectType,	'YieldType',			'YIELD_CULTURE'
FROM	GreatWorkObjectTypes
WHERE	GreatWorkObjectType IS NOT NULL;

INSERT OR IGNORE INTO ModifierArguments
		(ModifierId,									Name,					Value)
SELECT	'JNR_OPERA_CULTURE_' || GreatWorkObjectType,	'YieldChange',			1
FROM	GreatWorkObjectTypes
WHERE	GreatWorkObjectType IS NOT NULL;
--------------------------------------------------------------

-- BuildingModifiers
--------------------------------------------------------------
INSERT OR IGNORE INTO BuildingModifiers
		(BuildingType,					ModifierId)
VALUES	('BUILDING_JNR_ASSEMBLY',		'JNR_ASSEMBLY_CULTURE_POPULATION'),
		('BUILDING_JNR_MANSION',		'JNR_MANSION_CULTURE_1_TITLE'),
		('BUILDING_JNR_MANSION',		'JNR_MANSION_CULTURE_2_TITLE'),
		('BUILDING_JNR_MANSION',		'JNR_MANSION_CULTURE_3_TITLE'),
		('BUILDING_JNR_MANSION',		'JNR_MANSION_CULTURE_4_TITLE'),
		('BUILDING_JNR_MANSION',		'JNR_MANSION_CULTURE_5_TITLE'),
		('BUILDING_JNR_MANSION',		'JNR_MANSION_CULTURE_6_TITLE'),
		('BUILDING_JNR_GRAND_HOTEL',	'JNR_GRAND_HOTEL_CULTURE_CHARMING'),
		('BUILDING_JNR_GRAND_HOTEL',	'JNR_GRAND_HOTEL_CULTURE_BREATHTAKING'),
		('BUILDING_JNR_MEDIA_CENTER',	'JNR_MEDIA_CENTER_CULTURE_PERCENTAGE'),
		('BUILDING_JNR_MEDIA_CENTER',	'JNR_MEDIA_CENTER_CULTURE_PERCENTAGE_POWERED'),
		('BUILDING_FILM_STUDIO',		'JNR_MEDIA_CENTER_CULTURE_PERCENTAGE'),
		('BUILDING_FILM_STUDIO',		'JNR_MEDIA_CENTER_CULTURE_PERCENTAGE_POWERED'),
		('BUILDING_FILM_STUDIO',		'JNR_FILM_STUDIO_CULTURE_GRASS_ATTACH'),
		('BUILDING_FILM_STUDIO',		'JNR_FILM_STUDIO_CULTURE_PLAINS_ATTACH'),
		('BUILDING_FILM_STUDIO',		'JNR_FILM_STUDIO_CULTURE_DESERT_ATTACH'),
		('BUILDING_FILM_STUDIO',		'JNR_FILM_STUDIO_CULTURE_TUNDRA_ATTACH'),
		('BUILDING_FILM_STUDIO',		'JNR_FILM_STUDIO_CULTURE_SNOW_ATTACH'),
		('BUILDING_FILM_STUDIO',		'JNR_FILM_STUDIO_CULTURE_MOUNTAIN_ATTACH'),
		('BUILDING_FILM_STUDIO',		'JNR_FILM_STUDIO_CULTURE_WATER_ATTACH'),
		('BUILDING_MUSEUM_ARTIFACT',	'JNR_MUSEUM_ARTIFACT_CULTURE_ARTIFACT_SITE');

INSERT OR IGNORE INTO BuildingModifiers
		(BuildingType,					ModifierId)
SELECT	'BUILDING_JNR_OPERA',			'JNR_OPERA_CULTURE_' || GreatWorkObjectType
FROM	GreatWorkObjectTypes
WHERE	GreatWorkObjectType IS NOT NULL;
--------------------------------------------------------------