-- UC_THR_City_States_Ethiopia
-- Author: JNR
--------------------------------------------------------------

-- Modifiers
--------------------------------------------------------------
INSERT OR IGNORE INTO Modifiers
		(ModifierId,											ModifierType,											SubjectRequirementSetId)
VALUES	('MINOR_CIV_CULTURAL_SMALL_INFLUENCE_ASSEMBLY_JNR',		'MODIFIER_ALL_PLAYERS_ATTACH_MODIFIER',					'PLAYER_HAS_SMALL_INFLUENCE'),
		('MINOR_CIV_CULTURAL_LARGE_INFLUENCE_OPERA_JNR',		'MODIFIER_ALL_PLAYERS_ATTACH_MODIFIER',					'PLAYER_HAS_LARGE_INFLUENCE'),
		('MINOR_CIV_CULTURAL_LARGE_INFLUENCE_GRAND_HOTEL_JNR',	'MODIFIER_ALL_PLAYERS_ATTACH_MODIFIER',					'PLAYER_HAS_LARGE_INFLUENCE'),
		('MINOR_CIV_CULTURAL_YIELD_FOR_ASSEMBLY_JNR',			'MODIFIER_PLAYER_CITIES_ADJUST_BUILDING_YIELD_CHANGE',	NULL),
		('MINOR_CIV_CULTURAL_YIELD_FOR_OPERA_JNR',				'MODIFIER_PLAYER_CITIES_ADJUST_BUILDING_YIELD_CHANGE',	NULL),
		('MINOR_CIV_CULTURAL_YIELD_FOR_GRAND_HOTEL_JNR',		'MODIFIER_PLAYER_CITIES_ADJUST_BUILDING_YIELD_CHANGE',	NULL);
--------------------------------------------------------------

-- ModifierArguments
--------------------------------------------------------------
INSERT OR IGNORE INTO ModifierArguments
		(ModifierId,											Name,				Value)
VALUES	('MINOR_CIV_CULTURAL_SMALL_INFLUENCE_ASSEMBLY_JNR',		'ModifierId',		'MINOR_CIV_CULTURAL_YIELD_FOR_ASSEMBLY_JNR'),
		('MINOR_CIV_CULTURAL_LARGE_INFLUENCE_OPERA_JNR',		'ModifierId',		'MINOR_CIV_CULTURAL_YIELD_FOR_OPERA_JNR'),
		('MINOR_CIV_CULTURAL_LARGE_INFLUENCE_GRAND_HOTEL_JNR',	'ModifierId',		'MINOR_CIV_CULTURAL_YIELD_FOR_GRAND_HOTEL_JNR'),
		('MINOR_CIV_CULTURAL_YIELD_FOR_ASSEMBLY_JNR',			'BuildingType',		'BUILDING_JNR_ASSEMBLY'),
		('MINOR_CIV_CULTURAL_YIELD_FOR_OPERA_JNR',				'BuildingType',		'BUILDING_JNR_OPERA'),
		('MINOR_CIV_CULTURAL_YIELD_FOR_GRAND_HOTEL_JNR',		'BuildingType',		'BUILDING_JNR_GRAND_HOTEL'),
		('MINOR_CIV_CULTURAL_YIELD_FOR_ASSEMBLY_JNR',			'YieldType',		'YIELD_CULTURE'),
		('MINOR_CIV_CULTURAL_YIELD_FOR_OPERA_JNR',				'YieldType',		'YIELD_CULTURE'),
		('MINOR_CIV_CULTURAL_YIELD_FOR_GRAND_HOTEL_JNR',		'YieldType',		'YIELD_CULTURE'),
		('MINOR_CIV_CULTURAL_YIELD_FOR_ASSEMBLY_JNR',			'Amount',			1),
		('MINOR_CIV_CULTURAL_YIELD_FOR_OPERA_JNR',				'Amount',			3),
		('MINOR_CIV_CULTURAL_YIELD_FOR_GRAND_HOTEL_JNR',		'Amount',			3),
		('MINOR_CIV_CULTURAL_YIELD_FOR_ASSEMBLY_JNR',			'CityStatesOnly',	1),
		('MINOR_CIV_CULTURAL_YIELD_FOR_OPERA_JNR',				'CityStatesOnly',	1),
		('MINOR_CIV_CULTURAL_YIELD_FOR_GRAND_HOTEL_JNR',		'CityStatesOnly',	1);

UPDATE ModifierArguments SET Value='BUILDING_JNR_CABINET'	WHERE Name='BuildingType' AND ModifierId='MINOR_CIV_CULTURAL_YIELD_FOR_MUSEUM_ART';
UPDATE ModifierArguments SET Value='BUILDING_JNR_MANSION'		WHERE Name='BuildingType' AND ModifierId='MINOR_CIV_CULTURAL_YIELD_FOR_MUSEUM_ARTIFACT';
--------------------------------------------------------------

-- TraitModifiers
--------------------------------------------------------------
INSERT OR IGNORE INTO TraitModifiers
		(TraitType,						ModifierId)
VALUES	('MINOR_CIV_CULTURAL_TRAIT',	'MINOR_CIV_CULTURAL_SMALL_INFLUENCE_ASSEMBLY_JNR'),
		('MINOR_CIV_CULTURAL_TRAIT',	'MINOR_CIV_CULTURAL_LARGE_INFLUENCE_OPERA_JNR'),
		('MINOR_CIV_CULTURAL_TRAIT',	'MINOR_CIV_CULTURAL_LARGE_INFLUENCE_GRAND_HOTEL_JNR');

DELETE FROM TraitModifiers WHERE TraitType='MINOR_CIV_CULTURAL_TRAIT' AND ModifierId='MINOR_CIV_CULTURAL_LARGE_INFLUENCE_BROADCAST_CENTER';
--------------------------------------------------------------