-- UC_ENT_Requirements
-- Author: JNR
--------------------------------------------------------------

-- Requirements
--------------------------------------------------------------
INSERT OR IGNORE INTO Requirements
		(RequirementId,											RequirementType)
VALUES	('REQUIRES_CITY_HAS_TOURNEY_JNR',						'REQUIREMENT_CITY_HAS_BUILDING'),
		('REQUIRES_CITY_HAS_ZOO_JNR',							'REQUIREMENT_CITY_HAS_BUILDING'),
		('REQUIRES_CITY_HAS_BOTANICAL_GARDEN_JNR',				'REQUIREMENT_CITY_HAS_BUILDING'),
		('REQUIRES_CITY_HAS_THEME_PARK_JNR',					'REQUIREMENT_CITY_HAS_BUILDING'),
		('REQUIRES_CITY_HAS_FERRIS_WHEEL_JNR',					'REQUIREMENT_CITY_HAS_BUILDING'),
		('REQUIRES_CITY_HAS_MARINA_JNR',						'REQUIREMENT_CITY_HAS_BUILDING'),
		('REQUIRES_CITY_HAS_AQUARIUM_JNR',						'REQUIREMENT_CITY_HAS_BUILDING'),
		('REQUIRES_CITY_HAS_CASINO_JNR',						'REQUIREMENT_CITY_HAS_BUILDING'),
		('REQUIRES_CITY_HAS_FOOD_COURT_JNR',					'REQUIREMENT_CITY_HAS_BUILDING'),
		('REQUIRES_CITY_HAS_ENTERTAINMENT_COMPLEX_JNR',			'REQUIREMENT_CITY_HAS_DISTRICT'),
		('REQUIRES_CITY_HAS_WATER_ENTERTAINMENT_COMPLEX_JNR',	'REQUIREMENT_CITY_HAS_DISTRICT'),
		('REQUIRES_CITY_HAS_4_SPECIALTY_DISTRICTS_JNR',			'REQUIREMENT_CITY_HAS_X_SPECIALTY_DISTRICTS'),
		('REQUIRES_CITY_HAS_6_SPECIALTY_DISTRICTS_JNR',			'REQUIREMENT_CITY_HAS_X_SPECIALTY_DISTRICTS'),
		('REQUIRES_CITY_HAS_8_SPECIALTY_DISTRICTS_JNR',			'REQUIREMENT_CITY_HAS_X_SPECIALTY_DISTRICTS'),
		('REQUIRES_CITY_HAS_10_SPECIALTY_DISTRICTS_JNR',		'REQUIREMENT_CITY_HAS_X_SPECIALTY_DISTRICTS'),
		('REQUIRES_CITY_HAS_12_SPECIALTY_DISTRICTS_JNR',		'REQUIREMENT_CITY_HAS_X_SPECIALTY_DISTRICTS'),
		('REQUIRES_PLAYER_HAS_MEDIEVAL_FAIRES_JNR',				'REQUIREMENT_PLAYER_HAS_CIVIC'),
		('REQUIRES_CITY_IS_ORIGINAL_CAPITAL_JNR',				'REQUIREMENT_CITY_IS_ORIGINAL_CAPITAL'),
		('REQUIRES_PLOT_IS_ADJACENT_TO_THEME_PARK_JNR',			'REQUIREMENT_PLOT_ADJACENT_BUILDING_TYPE_MATCHES'),
		('REQUIRES_PLOT_IS_ADJACENT_TO_AQUATICS_CENTER_JNR',	'REQUIREMENT_PLOT_ADJACENT_BUILDING_TYPE_MATCHES'),
		('REQUIRES_PLOT_IS_ADJACENT_TO_FOOD_COURT_JNR',			'REQUIREMENT_PLOT_ADJACENT_BUILDING_TYPE_MATCHES');
--------------------------------------------------------------

-- RequirementArguments
--------------------------------------------------------------
INSERT OR IGNORE INTO RequirementArguments
		(RequirementId,											Name,			Value)
VALUES	('REQUIRES_CITY_HAS_TOURNEY_JNR',						'BuildingType',	'BUILDING_JNR_TOURNEY'),
		('REQUIRES_CITY_HAS_ZOO_JNR',							'BuildingType',	'BUILDING_ZOO'),
		('REQUIRES_CITY_HAS_BOTANICAL_GARDEN_JNR',				'BuildingType',	'BUILDING_JNR_BOTANICAL_GARDEN'),
		('REQUIRES_CITY_HAS_THEME_PARK_JNR',					'BuildingType',	'BUILDING_JNR_THEME_PARK'),
		('REQUIRES_CITY_HAS_FERRIS_WHEEL_JNR',					'BuildingType',	'BUILDING_FERRIS_WHEEL'),
		('REQUIRES_CITY_HAS_MARINA_JNR',						'BuildingType',	'BUILDING_JNR_MARINA'),
		('REQUIRES_CITY_HAS_AQUARIUM_JNR',						'BuildingType',	'BUILDING_AQUARIUM'),
		('REQUIRES_CITY_HAS_CASINO_JNR',						'BuildingType',	'BUILDING_JNR_CASINO'),
		('REQUIRES_CITY_HAS_FOOD_COURT_JNR',					'BuildingType',	'BUILDING_JNR_FOOD_COURT'),
		('REQUIRES_CITY_HAS_ENTERTAINMENT_COMPLEX_JNR',			'BuildingType',	'DISTRICT_ENTERTAINMENT_COMPLEX'),
		('REQUIRES_CITY_HAS_WATER_ENTERTAINMENT_COMPLEX_JNR',	'BuildingType',	'DISTRICT_WATER_ENTERTAINMENT_COMPLEX'),
		('REQUIRES_CITY_HAS_4_SPECIALTY_DISTRICTS_JNR',			'Amount',		4),
		('REQUIRES_CITY_HAS_6_SPECIALTY_DISTRICTS_JNR',			'Amount',		6),
		('REQUIRES_CITY_HAS_8_SPECIALTY_DISTRICTS_JNR',			'Amount',		8),
		('REQUIRES_CITY_HAS_10_SPECIALTY_DISTRICTS_JNR',		'Amount',		10),
		('REQUIRES_CITY_HAS_12_SPECIALTY_DISTRICTS_JNR',		'Amount',		12),
		('REQUIRES_PLAYER_HAS_MEDIEVAL_FAIRES_JNR',				'CivicType',	'CIVIC_MEDIEVAL_FAIRES'),
		('REQUIRES_PLOT_IS_ADJACENT_TO_THEME_PARK_JNR',			'BuildingType',	'BUILDING_JNR_THEME_PARK'),
		('REQUIRES_PLOT_IS_ADJACENT_TO_AQUATICS_CENTER_JNR',	'BuildingType',	'BUILDING_AQUATICS_CENTER'),
		('REQUIRES_PLOT_IS_ADJACENT_TO_FOOD_COURT_JNR',			'BuildingType',	'BUILDING_JNR_FOOD_COURT');
--------------------------------------------------------------

-- RequirementSets
--------------------------------------------------------------
INSERT OR IGNORE INTO RequirementSets
		(RequirementSetId,									RequirementSetType)
VALUES	('BUILDING_IS_ENTERTAINMENT_TIER1_JNR',				'REQUIREMENTSET_TEST_ANY'),
		('BUILDING_IS_ENTERTAINMENT_TIER2_JNR',				'REQUIREMENTSET_TEST_ANY'),
		('BUILDING_IS_ENTERTAINMENT_TIER3_JNR',				'REQUIREMENTSET_TEST_ANY'),
		('DISTRICT_IS_ENTERTAINMENT_COMPLEX_JNR',			'REQUIREMENTSET_TEST_ALL'),
		('DISTRICT_IS_WATER_PARK_JNR',						'REQUIREMENTSET_TEST_ALL'),
		('DISTRICT_IS_ENTERTAINMENT_COMPLEX_POWERED_JNR',	'REQUIREMENTSET_TEST_ALL'),
		('DISTRICT_IS_WATER_PARK_POWERED_JNR',				'REQUIREMENTSET_TEST_ALL'),
		('CITY_HAS_ANY_ENTERTAINMENT_JNR',					'REQUIREMENTSET_TEST_ANY'),
		('CITY_HAS_2_SPECIALTY_DISTRICTS_JNR_POWERED',		'REQUIREMENTSET_TEST_ALL'),
		('CITY_HAS_4_SPECIALTY_DISTRICTS_JNR',				'REQUIREMENTSET_TEST_ALL'),
		('CITY_HAS_6_SPECIALTY_DISTRICTS_JNR_POWERED',		'REQUIREMENTSET_TEST_ALL'),
		('CITY_HAS_8_SPECIALTY_DISTRICTS_JNR',				'REQUIREMENTSET_TEST_ALL'),
		('CITY_HAS_10_SPECIALTY_DISTRICTS_JNR_POWERED',		'REQUIREMENTSET_TEST_ALL'),
		('CITY_HAS_12_SPECIALTY_DISTRICTS_JNR',				'REQUIREMENTSET_TEST_ALL'),
		('MARINA_AMENITIES_REQUIREMENTS_JNR',				'REQUIREMENTSET_TEST_ALL'),
		('PLOT_HAS_RESOURCE_FARM_JNR',						'REQUIREMENTSET_TEST_ALL'),
		('PLOT_HAS_RESOURCE_PLANTATION_JNR',				'REQUIREMENTSET_TEST_ALL'),
		('PLOT_HAS_RESOURCE_LUMBER_MILL_JNR',				'REQUIREMENTSET_TEST_ALL'),
		('TOURNEY_TOURISM_REQUIREMENTS_JNR',				'REQUIREMENTSET_TEST_ALL'),
		('DISTRICT_IS_WATER_PARK_WITH_MARINA_JNR',			'REQUIREMENTSET_TEST_ALL'),
		('CITY_HAS_TIER_3_SPORTS_VENUE_JNR',				'REQUIREMENTSET_TEST_ALL'),
		('CITY_HAS_TIER_3_FAIR_VENUE_JNR',					'REQUIREMENTSET_TEST_ALL'),
		('PLAYER_HAS_MEDIEVAL_FAIRES_CIVIC_JNR',			'REQUIREMENTSET_TEST_ALL'),
		('PLAYER_IS_AT_WAR_JNR',							'REQUIREMENTSET_TEST_ALL'),
		('CITY_IS_ORIGINAL_CAPITAL_JNR',					'REQUIREMENTSET_TEST_ALL'),
		('PLOT_IS_ADJACENT_TO_ENTERTAINMENT_TIER3_JNR',		'REQUIREMENTSET_TEST_ANY');
--------------------------------------------------------------

-- RequirementSetRequirements
--------------------------------------------------------------
INSERT OR IGNORE INTO RequirementSetRequirements
		(RequirementSetId,									RequirementId)
VALUES	('BUILDING_IS_ENTERTAINMENT_TIER1_JNR',				'REQUIRES_CITY_HAS_ARENA'),
		('BUILDING_IS_ENTERTAINMENT_TIER1_JNR',				'REQUIRES_CITY_HAS_TOURNEY_JNR'),
		('BUILDING_IS_ENTERTAINMENT_TIER1_JNR',				'REQUIRES_CITY_HAS_FERRIS_WHEEL_JNR'),
		('BUILDING_IS_ENTERTAINMENT_TIER1_JNR',				'REQUIRES_CITY_HAS_MARINA_JNR'),
		('BUILDING_IS_ENTERTAINMENT_TIER2_JNR',				'REQUIRES_CITY_HAS_ZOO_JNR'),
		('BUILDING_IS_ENTERTAINMENT_TIER2_JNR',				'REQUIRES_CITY_HAS_BOTANICAL_GARDEN_JNR'),
		('BUILDING_IS_ENTERTAINMENT_TIER2_JNR',				'REQUIRES_CITY_HAS_AQUARIUM_JNR'),
		('BUILDING_IS_ENTERTAINMENT_TIER2_JNR',				'REQUIRES_CITY_HAS_CASINO_JNR'),
		('BUILDING_IS_ENTERTAINMENT_TIER3_JNR',				'REQUIRES_CITY_HAS_STADIUM'),
		('BUILDING_IS_ENTERTAINMENT_TIER3_JNR',				'REQUIRES_CITY_HAS_THEME_PARK_JNR'),
		('BUILDING_IS_ENTERTAINMENT_TIER3_JNR',				'REQUIRES_CITY_HAS_AQUATIC_CENTER'),
		('BUILDING_IS_ENTERTAINMENT_TIER3_JNR',				'REQUIRES_CITY_HAS_FOOD_COURT_JNR'),
		('DISTRICT_IS_ENTERTAINMENT_COMPLEX_JNR',			'REQUIRES_DISTRICT_IS_ENTERTAINMENT_COMPLEX'),
		('DISTRICT_IS_WATER_PARK_JNR',						'REQUIRES_DISTRICT_IS_WATER_ENTERTAINMENT_COMPLEX'),
		('DISTRICT_IS_ENTERTAINMENT_COMPLEX_POWERED_JNR',	'REQUIRES_DISTRICT_IS_ENTERTAINMENT_COMPLEX'),
		('DISTRICT_IS_ENTERTAINMENT_COMPLEX_POWERED_JNR',	'REQUIRES_CITY_IS_POWERED'),
		('DISTRICT_IS_WATER_PARK_POWERED_JNR',				'REQUIRES_DISTRICT_IS_WATER_ENTERTAINMENT_COMPLEX'),
		('DISTRICT_IS_WATER_PARK_POWERED_JNR',				'REQUIRES_CITY_IS_POWERED'),
		('CITY_HAS_ANY_ENTERTAINMENT_JNR',					'REQUIRES_CITY_HAS_ENTERTAINMENT_COMPLEX_JNR'),
		('CITY_HAS_ANY_ENTERTAINMENT_JNR',					'REQUIRES_CITY_HAS_WATER_ENTERTAINMENT_COMPLEX_JNR'),
		('CITY_HAS_2_SPECIALTY_DISTRICTS_JNR_POWERED',		'REQUIRES_CITY_HAS_2_SPECIALTY_DISTRICTS'),
		('CITY_HAS_2_SPECIALTY_DISTRICTS_JNR_POWERED',		'REQUIRES_CITY_IS_POWERED'),
		('CITY_HAS_4_SPECIALTY_DISTRICTS_JNR',				'REQUIRES_CITY_HAS_4_SPECIALTY_DISTRICTS_JNR'),
		('CITY_HAS_6_SPECIALTY_DISTRICTS_JNR_POWERED',		'REQUIRES_CITY_HAS_6_SPECIALTY_DISTRICTS_JNR'),
		('CITY_HAS_6_SPECIALTY_DISTRICTS_JNR_POWERED',		'REQUIRES_CITY_IS_POWERED'),
		('CITY_HAS_8_SPECIALTY_DISTRICTS_JNR',				'REQUIRES_CITY_HAS_8_SPECIALTY_DISTRICTS_JNR'),
		('CITY_HAS_10_SPECIALTY_DISTRICTS_JNR_POWERED',		'REQUIRES_CITY_HAS_10_SPECIALTY_DISTRICTS_JNR'),
		('CITY_HAS_10_SPECIALTY_DISTRICTS_JNR_POWERED',		'REQUIRES_CITY_IS_POWERED'),
		('CITY_HAS_12_SPECIALTY_DISTRICTS_JNR',				'REQUIRES_CITY_HAS_12_SPECIALTY_DISTRICTS_JNR'),
		('MARINA_AMENITIES_REQUIREMENTS_JNR',				'ADJACENT_TO_OWNER'),
		('MARINA_AMENITIES_REQUIREMENTS_JNR',				'REQUIRES_DISTRICT_IS_WATER_ENTERTAINMENT_COMPLEX'),
		('MARINA_AMENITIES_REQUIREMENTS_JNR',				'REQUIRES_CITY_HAS_MARINA_JNR'),
		('PLOT_HAS_RESOURCE_FARM_JNR',						'REQUIRES_PLOT_HAS_FARM'),
		('PLOT_HAS_RESOURCE_FARM_JNR',						'REQUIRES_PLOT_HAS_VISIBLE_RESOURCE'),
		('PLOT_HAS_RESOURCE_PLANTATION_JNR',				'REQUIRES_PLOT_HAS_PLANTATION'),
		('PLOT_HAS_RESOURCE_PLANTATION_JNR',				'REQUIRES_PLOT_HAS_VISIBLE_RESOURCE'),
		('PLOT_HAS_RESOURCE_LUMBER_MILL_JNR',				'REQUIRES_PLOT_HAS_LUMBER_MILL'),
		('PLOT_HAS_RESOURCE_LUMBER_MILL_JNR',				'REQUIRES_PLOT_HAS_VISIBLE_RESOURCE'),
		('TOURNEY_TOURISM_REQUIREMENTS_JNR',				'REQUIRES_ALLIANCE_CITY_HAS_TRADE_ROUTE_WITH_ALLY'),
		('TOURNEY_TOURISM_REQUIREMENTS_JNR',				'REQUIRES_DISTRICT_IS_ENTERTAINMENT_COMPLEX'),
		('TOURNEY_TOURISM_REQUIREMENTS_JNR',				'REQUIRES_CITY_HAS_TOURNEY_JNR'),
		('DISTRICT_IS_WATER_PARK_WITH_MARINA_JNR',			'REQUIRES_DISTRICT_IS_WATER_ENTERTAINMENT_COMPLEX'),
		('DISTRICT_IS_WATER_PARK_WITH_MARINA_JNR',			'REQUIRES_CITY_HAS_MARINA_JNR'),
		('CITY_HAS_TIER_3_SPORTS_VENUE_JNR',				'REQUIRES_CITY_HAS_STADIUM'),
		('CITY_HAS_TIER_3_SPORTS_VENUE_JNR',				'REQUIRES_CITY_HAS_AQUATIC_CENTER'),
		('CITY_HAS_TIER_3_FAIR_VENUE_JNR',					'REQUIRES_CITY_HAS_THEME_PARK_JNR'),
		('CITY_HAS_TIER_3_FAIR_VENUE_JNR',					'REQUIRES_CITY_HAS_FOOD_COURT_JNR'),
		('PLAYER_HAS_MEDIEVAL_FAIRES_CIVIC_JNR',			'REQUIRES_PLAYER_HAS_MEDIEVAL_FAIRES_JNR'),
		('PLAYER_IS_AT_WAR_JNR',							'REQUIRES_PLAYER_IS_AT_WAR'),
		('CITY_IS_ORIGINAL_CAPITAL_JNR',					'REQUIRES_CITY_IS_ORIGINAL_CAPITAL_JNR'),
		('PLOT_IS_ADJACENT_TO_ENTERTAINMENT_TIER3_JNR',		'REQUIRES_PLOT_IS_ADJACENT_TO_STADIUM'),
		('PLOT_IS_ADJACENT_TO_ENTERTAINMENT_TIER3_JNR',		'REQUIRES_PLOT_IS_ADJACENT_TO_THEME_PARK_JNR'),
		('PLOT_IS_ADJACENT_TO_ENTERTAINMENT_TIER3_JNR',		'REQUIRES_PLOT_IS_ADJACENT_TO_AQUATICS_CENTER_JNR'),
		('PLOT_IS_ADJACENT_TO_ENTERTAINMENT_TIER3_JNR',		'REQUIRES_PLOT_IS_ADJACENT_TO_FOOD_COURT_JNR');
--------------------------------------------------------------