-- UC_PRD_Policies
-- Author: JNR
--------------------------------------------------------------

-- Types
--------------------------------------------------------------
INSERT OR IGNORE INTO Types
		(Type,							Kind)
VALUES	('POLICY_JNR_STANDARDIZATION',	'KIND_POLICY');
--------------------------------------------------------------

-- Policies
--------------------------------------------------------------
UPDATE Policies SET Description='LOC_POLICY_INVENTION_DESCRIPTION_JNR_UC'				WHERE PolicyType='POLICY_INVENTION';
UPDATE Policies SET Description='LOC_POLICY_NOBEL_PRIZE_DESCRIPTION_UC_PRD'				WHERE PolicyType='POLICY_NOBEL_PRIZE';
UPDATE Policies SET Description='LOC_POLICY_THIRD_ALTERNATIVE_DESCRIPTION_JNR_UC_PRD'	WHERE PolicyType='POLICY_THIRD_ALTERNATIVE';

INSERT OR IGNORE INTO Policies
		(PolicyType,					Name,									Description,									PrereqCivic,				GovernmentSlotType)
VALUES	('POLICY_JNR_STANDARDIZATION',	'LOC_POLICY_JNR_STANDARDIZATION_NAME',	'LOC_POLICY_JNR_STANDARDIZATION_DESCRIPTION',	'CIVIC_CIVIL_ENGINEERING',	'SLOT_ECONOMIC');
--------------------------------------------------------------

-- Modifiers
--------------------------------------------------------------
INSERT OR IGNORE INTO Modifiers
		(ModifierId,											ModifierType,											SubjectRequirementSetId)
VALUES	('STANDARDIZATION_HIGH_ADJACENCY_WATER_MILL_JNR',		'MODIFIER_PLAYER_CITIES_ADJUST_BUILDING_YIELD_CHANGE',	'INDUSTRIAL_ZONE_HAS_HIGH_ADJACENCY_JNR'),
		('STANDARDIZATION_HIGH_ADJACENCY_WIND_MILL_JNR',		'MODIFIER_PLAYER_CITIES_ADJUST_BUILDING_YIELD_CHANGE',	'INDUSTRIAL_ZONE_HAS_HIGH_ADJACENCY_JNR'),
		('STANDARDIZATION_HIGH_ADJACENCY_WORKSHOP_JNR',			'MODIFIER_PLAYER_CITIES_ADJUST_BUILDING_YIELD_CHANGE',	'INDUSTRIAL_ZONE_HAS_HIGH_ADJACENCY_JNR'),
		('STANDARDIZATION_HIGH_ADJACENCY_MANUFACTURY_JNR',		'MODIFIER_PLAYER_CITIES_ADJUST_BUILDING_YIELD_CHANGE',	'INDUSTRIAL_ZONE_HAS_HIGH_ADJACENCY_JNR'),
		('STANDARDIZATION_HIGH_ADJACENCY_FACTORY_JNR',			'MODIFIER_PLAYER_CITIES_ADJUST_BUILDING_YIELD_CHANGE',	'INDUSTRIAL_ZONE_HAS_HIGH_ADJACENCY_JNR'),
		('STANDARDIZATION_HIGH_ADJACENCY_CHEMICAL_JNR',			'MODIFIER_PLAYER_CITIES_ADJUST_BUILDING_YIELD_CHANGE',	'INDUSTRIAL_ZONE_HAS_HIGH_ADJACENCY_JNR'),
		('STANDARDIZATION_HIGH_ADJACENCY_COAL_JNR',				'MODIFIER_PLAYER_CITIES_ADJUST_BUILDING_YIELD_CHANGE',	'INDUSTRIAL_ZONE_HAS_HIGH_ADJACENCY_JNR'),
		('STANDARDIZATION_HIGH_ADJACENCY_OIL_JNR',				'MODIFIER_PLAYER_CITIES_ADJUST_BUILDING_YIELD_CHANGE',	'INDUSTRIAL_ZONE_HAS_HIGH_ADJACENCY_JNR'),
		('STANDARDIZATION_HIGH_ADJACENCY_URANIUM_JNR',			'MODIFIER_PLAYER_CITIES_ADJUST_BUILDING_YIELD_CHANGE',	'INDUSTRIAL_ZONE_HAS_HIGH_ADJACENCY_JNR'),
		('STANDARDIZATION_HIGH_ADJACENCY_FREIGHT_JNR',			'MODIFIER_PLAYER_CITIES_ADJUST_BUILDING_YIELD_CHANGE',	'INDUSTRIAL_ZONE_HAS_HIGH_ADJACENCY_JNR'),

		('STANDARDIZATION_HIGH_POP_WATER_MILL_JNR',				'MODIFIER_PLAYER_CITIES_ADJUST_BUILDING_YIELD_CHANGE',	'CITY_HAS_HIGH_POPULATION'),
		('STANDARDIZATION_HIGH_POP_WIND_MILL_JNR',				'MODIFIER_PLAYER_CITIES_ADJUST_BUILDING_YIELD_CHANGE',	'CITY_HAS_HIGH_POPULATION'),
		('STANDARDIZATION_HIGH_POP_WORKSHOP_JNR',				'MODIFIER_PLAYER_CITIES_ADJUST_BUILDING_YIELD_CHANGE',	'CITY_HAS_HIGH_POPULATION'),
		('STANDARDIZATION_HIGH_POP_MANUFACTURY_JNR',			'MODIFIER_PLAYER_CITIES_ADJUST_BUILDING_YIELD_CHANGE',	'CITY_HAS_HIGH_POPULATION'),
		('STANDARDIZATION_HIGH_POP_FACTORY_JNR',				'MODIFIER_PLAYER_CITIES_ADJUST_BUILDING_YIELD_CHANGE',	'CITY_HAS_HIGH_POPULATION'),
		('STANDARDIZATION_HIGH_POP_CHEMICAL_JNR',				'MODIFIER_PLAYER_CITIES_ADJUST_BUILDING_YIELD_CHANGE',	'CITY_HAS_HIGH_POPULATION'),
		('STANDARDIZATION_HIGH_POP_COAL_JNR',					'MODIFIER_PLAYER_CITIES_ADJUST_BUILDING_YIELD_CHANGE',	'CITY_HAS_HIGH_POPULATION'),
		('STANDARDIZATION_HIGH_POP_OIL_JNR',					'MODIFIER_PLAYER_CITIES_ADJUST_BUILDING_YIELD_CHANGE',	'CITY_HAS_HIGH_POPULATION'),
		('STANDARDIZATION_HIGH_POP_URANIUM_JNR',				'MODIFIER_PLAYER_CITIES_ADJUST_BUILDING_YIELD_CHANGE',	'CITY_HAS_HIGH_POPULATION'),
		('STANDARDIZATION_HIGH_POP_FREIGHT_JNR',				'MODIFIER_PLAYER_CITIES_ADJUST_BUILDING_YIELD_CHANGE',	'CITY_HAS_HIGH_POPULATION');

INSERT OR IGNORE INTO Modifiers
		(ModifierId,											ModifierType,											SubjectRequirementSetId)
SELECT	'STANDARDIZATION_HIGH_ADJACENCY_RENEWABLE_JNR',			'MODIFIER_PLAYER_CITIES_ADJUST_BUILDING_YIELD_CHANGE',	'INDUSTRIAL_ZONE_HAS_HIGH_ADJACENCY_JNR'
FROM	Buildings
WHERE	BuildingType='BUILDING_JNR_RENEWABLE_DISTRIBUTION';

INSERT OR IGNORE INTO Modifiers
		(ModifierId,											ModifierType,											SubjectRequirementSetId)
SELECT	'STANDARDIZATION_HIGH_POP_RENEWABLE_JNR',				'MODIFIER_PLAYER_CITIES_ADJUST_BUILDING_YIELD_CHANGE',	'CITY_HAS_HIGH_POPULATION'
FROM	Buildings
WHERE	BuildingType='BUILDING_JNR_RENEWABLE_DISTRIBUTION';

INSERT OR IGNORE INTO Modifiers
		(ModifierId,											ModifierType)
SELECT	'THIRDALTERNATIVE_CULTURE_' || BuildingType || '_JNR',	'MODIFIER_PLAYER_CITIES_ADJUST_BUILDING_YIELD_CHANGE'
FROM	Buildings
WHERE	PrereqDistrict='DISTRICT_ENCAMPMENT'
		OR PrereqDistrict='DISTRICT_AERODROME'
		OR BuildingType IN ('BUILDING_JNR_FREIGHT_YARD', 'BUILDING_COAL_POWER_PLANT', 'BUILDING_FOSSIL_FUEL_POWER_PLANT', 'BUILDING_POWER_PLANT', 'BUILDING_JNR_RENEWABLE_DISTRIBUTION');

INSERT OR IGNORE INTO Modifiers
		(ModifierId,											ModifierType)
SELECT	'THIRDALTERNATIVE_GOLD_' || BuildingType || '_JNR',		'MODIFIER_PLAYER_CITIES_ADJUST_BUILDING_YIELD_CHANGE'
FROM	Buildings
WHERE	PrereqDistrict='DISTRICT_ENCAMPMENT'
		OR PrereqDistrict='DISTRICT_AERODROME'
		OR BuildingType IN ('BUILDING_JNR_FREIGHT_YARD', 'BUILDING_COAL_POWER_PLANT', 'BUILDING_FOSSIL_FUEL_POWER_PLANT', 'BUILDING_POWER_PLANT', 'BUILDING_JNR_RENEWABLE_DISTRIBUTION');

UPDATE Modifiers SET SubjectRequirementSetId='BUILDING_IS_INDUSTRIAL_TIER2_JNR'	WHERE ModifierId='INVENTION_ENGINEER_WORKSHOP';
UPDATE Modifiers SET SubjectRequirementSetId='BUILDING_IS_INDUSTRIAL_TIER3_JNR'	WHERE ModifierId='SCIENCEFOUNDATION_ENGINEER_FACTORY';
UPDATE Modifiers SET SubjectRequirementSetId='BUILDING_IS_INDUSTRIAL_TIER4_JNR'	WHERE ModifierId='SCIENCEFOUNDATION_ENGINEER_POWERPLANT';
--------------------------------------------------------------

-- ModifierArguments
--------------------------------------------------------------
INSERT OR IGNORE INTO ModifierArguments
		(ModifierId,											Name,			Value)
VALUES	('STANDARDIZATION_HIGH_ADJACENCY_WATER_MILL_JNR',		'BuildingType',	'BUILDING_WATER_MILL'),
		('STANDARDIZATION_HIGH_ADJACENCY_WIND_MILL_JNR',		'BuildingType',	'BUILDING_JNR_WIND_MILL'),
		('STANDARDIZATION_HIGH_ADJACENCY_WORKSHOP_JNR',			'BuildingType',	'BUILDING_WORKSHOP'),
		('STANDARDIZATION_HIGH_ADJACENCY_MANUFACTURY_JNR',		'BuildingType',	'BUILDING_JNR_MANUFACTURY'),
		('STANDARDIZATION_HIGH_ADJACENCY_FACTORY_JNR',			'BuildingType',	'BUILDING_FACTORY'),
		('STANDARDIZATION_HIGH_ADJACENCY_CHEMICAL_JNR',			'BuildingType',	'BUILDING_JNR_CHEMICAL'),
		('STANDARDIZATION_HIGH_ADJACENCY_FREIGHT_JNR',			'BuildingType',	'BUILDING_JNR_FREIGHT_YARD'),
		('STANDARDIZATION_HIGH_ADJACENCY_COAL_JNR',				'BuildingType',	'BUILDING_COAL_POWER_PLANT'),
		('STANDARDIZATION_HIGH_ADJACENCY_OIL_JNR',				'BuildingType',	'BUILDING_FOSSIL_FUEL_POWER_PLANT'),
		('STANDARDIZATION_HIGH_ADJACENCY_URANIUM_JNR',			'BuildingType',	'BUILDING_POWER_PLANT'),
		('STANDARDIZATION_HIGH_ADJACENCY_WATER_MILL_JNR',		'YieldType',	'YIELD_PRODUCTION'),
		('STANDARDIZATION_HIGH_ADJACENCY_WIND_MILL_JNR',		'YieldType',	'YIELD_PRODUCTION'),
		('STANDARDIZATION_HIGH_ADJACENCY_WORKSHOP_JNR',			'YieldType',	'YIELD_PRODUCTION'),
		('STANDARDIZATION_HIGH_ADJACENCY_MANUFACTURY_JNR',		'YieldType',	'YIELD_PRODUCTION'),
		('STANDARDIZATION_HIGH_ADJACENCY_FACTORY_JNR',			'YieldType',	'YIELD_PRODUCTION'),
		('STANDARDIZATION_HIGH_ADJACENCY_CHEMICAL_JNR',			'YieldType',	'YIELD_PRODUCTION'),
		('STANDARDIZATION_HIGH_ADJACENCY_FREIGHT_JNR',			'YieldType',	'YIELD_PRODUCTION'),
		('STANDARDIZATION_HIGH_ADJACENCY_COAL_JNR',				'YieldType',	'YIELD_PRODUCTION'),
		('STANDARDIZATION_HIGH_ADJACENCY_OIL_JNR',				'YieldType',	'YIELD_PRODUCTION'),
		('STANDARDIZATION_HIGH_ADJACENCY_URANIUM_JNR',			'YieldType',	'YIELD_PRODUCTION'),
		('STANDARDIZATION_HIGH_ADJACENCY_WATER_MILL_JNR',		'Amount',		1),
		('STANDARDIZATION_HIGH_ADJACENCY_WIND_MILL_JNR',		'Amount',		1),
		('STANDARDIZATION_HIGH_ADJACENCY_WORKSHOP_JNR',			'Amount',		1),
		('STANDARDIZATION_HIGH_ADJACENCY_MANUFACTURY_JNR',		'Amount',		1),
		('STANDARDIZATION_HIGH_ADJACENCY_FACTORY_JNR',			'Amount',		1),
		('STANDARDIZATION_HIGH_ADJACENCY_CHEMICAL_JNR',			'Amount',		1),
		('STANDARDIZATION_HIGH_ADJACENCY_FREIGHT_JNR',			'Amount',		1),
		('STANDARDIZATION_HIGH_ADJACENCY_COAL_JNR',				'Amount',		1),
		('STANDARDIZATION_HIGH_ADJACENCY_OIL_JNR',				'Amount',		1),
		('STANDARDIZATION_HIGH_ADJACENCY_URANIUM_JNR',			'Amount',		1),

		('STANDARDIZATION_HIGH_POP_WATER_MILL_JNR',				'BuildingType',	'BUILDING_WATER_MILL'),
		('STANDARDIZATION_HIGH_POP_WIND_MILL_JNR',				'BuildingType',	'BUILDING_JNR_WIND_MILL'),
		('STANDARDIZATION_HIGH_POP_WORKSHOP_JNR',				'BuildingType',	'BUILDING_WORKSHOP'),
		('STANDARDIZATION_HIGH_POP_MANUFACTURY_JNR',			'BuildingType',	'BUILDING_JNR_MANUFACTURY'),
		('STANDARDIZATION_HIGH_POP_FACTORY_JNR',				'BuildingType',	'BUILDING_FACTORY'),
		('STANDARDIZATION_HIGH_POP_CHEMICAL_JNR',				'BuildingType',	'BUILDING_JNR_CHEMICAL'),
		('STANDARDIZATION_HIGH_POP_FREIGHT_JNR',				'BuildingType',	'BUILDING_JNR_FREIGHT_YARD'),
		('STANDARDIZATION_HIGH_POP_COAL_JNR',					'BuildingType',	'BUILDING_COAL_POWER_PLANT'),
		('STANDARDIZATION_HIGH_POP_OIL_JNR',					'BuildingType',	'BUILDING_FOSSIL_FUEL_POWER_PLANT'),
		('STANDARDIZATION_HIGH_POP_URANIUM_JNR',				'BuildingType',	'BUILDING_POWER_PLANT'),
		('STANDARDIZATION_HIGH_POP_WATER_MILL_JNR',				'YieldType',	'YIELD_PRODUCTION'),
		('STANDARDIZATION_HIGH_POP_WIND_MILL_JNR',				'YieldType',	'YIELD_PRODUCTION'),
		('STANDARDIZATION_HIGH_POP_WORKSHOP_JNR',				'YieldType',	'YIELD_PRODUCTION'),
		('STANDARDIZATION_HIGH_POP_MANUFACTURY_JNR',			'YieldType',	'YIELD_PRODUCTION'),
		('STANDARDIZATION_HIGH_POP_FACTORY_JNR',				'YieldType',	'YIELD_PRODUCTION'),
		('STANDARDIZATION_HIGH_POP_CHEMICAL_JNR',				'YieldType',	'YIELD_PRODUCTION'),
		('STANDARDIZATION_HIGH_POP_FREIGHT_JNR',				'YieldType',	'YIELD_PRODUCTION'),
		('STANDARDIZATION_HIGH_POP_COAL_JNR',					'YieldType',	'YIELD_PRODUCTION'),
		('STANDARDIZATION_HIGH_POP_OIL_JNR',					'YieldType',	'YIELD_PRODUCTION'),
		('STANDARDIZATION_HIGH_POP_URANIUM_JNR',				'YieldType',	'YIELD_PRODUCTION'),
		('STANDARDIZATION_HIGH_POP_WATER_MILL_JNR',				'Amount',		1),
		('STANDARDIZATION_HIGH_POP_WIND_MILL_JNR',				'Amount',		1),
		('STANDARDIZATION_HIGH_POP_WORKSHOP_JNR',				'Amount',		1),
		('STANDARDIZATION_HIGH_POP_MANUFACTURY_JNR',			'Amount',		1),
		('STANDARDIZATION_HIGH_POP_FACTORY_JNR',				'Amount',		1),
		('STANDARDIZATION_HIGH_POP_CHEMICAL_JNR',				'Amount',		1),
		('STANDARDIZATION_HIGH_POP_FREIGHT_JNR',				'Amount',		1),
		('STANDARDIZATION_HIGH_POP_COAL_JNR',					'Amount',		1),
		('STANDARDIZATION_HIGH_POP_OIL_JNR',					'Amount',		1),
		('STANDARDIZATION_HIGH_POP_URANIUM_JNR',				'Amount',		1);

INSERT OR IGNORE INTO ModifierArguments
		(ModifierId,											Name,			Value)
SELECT	'STANDARDIZATION_HIGH_ADJACENCY_RENEWABLE_JNR',			'BuildingType',	BuildingType
FROM	Buildings
WHERE	BuildingType='BUILDING_JNR_RENEWABLE_DISTRIBUTION';

INSERT OR IGNORE INTO ModifierArguments
		(ModifierId,											Name,			Value)
SELECT	'STANDARDIZATION_HIGH_ADJACENCY_RENEWABLE_JNR',			'YieldType',	'YIELD_PRODUCTION'
FROM	Buildings
WHERE	BuildingType='BUILDING_JNR_RENEWABLE_DISTRIBUTION';

INSERT OR IGNORE INTO ModifierArguments
		(ModifierId,											Name,			Value)
SELECT	'STANDARDIZATION_HIGH_ADJACENCY_RENEWABLE_JNR',			'Amount',		1
FROM	Buildings
WHERE	BuildingType='BUILDING_JNR_RENEWABLE_DISTRIBUTION';

INSERT OR IGNORE INTO ModifierArguments
		(ModifierId,											Name,			Value)
SELECT	'STANDARDIZATION_HIGH_POP_RENEWABLE_JNR',				'BuildingType',	BuildingType
FROM	Buildings
WHERE	BuildingType='BUILDING_JNR_RENEWABLE_DISTRIBUTION';

INSERT OR IGNORE INTO ModifierArguments
		(ModifierId,											Name,			Value)
SELECT	'STANDARDIZATION_HIGH_POP_RENEWABLE_JNR',				'YieldType',	'YIELD_PRODUCTION'
FROM	Buildings
WHERE	BuildingType='BUILDING_JNR_RENEWABLE_DISTRIBUTION';

INSERT OR IGNORE INTO ModifierArguments
		(ModifierId,											Name,			Value)
SELECT	'STANDARDIZATION_HIGH_POP_RENEWABLE_JNR',				'Amount',		1
FROM	Buildings
WHERE	BuildingType='BUILDING_JNR_RENEWABLE_DISTRIBUTION';

INSERT OR IGNORE INTO ModifierArguments
		(ModifierId,											Name,			Value)
SELECT	'THIRDALTERNATIVE_CULTURE_' || BuildingType || '_JNR',	'BuildingType',	BuildingType
FROM	Buildings
WHERE	PrereqDistrict='DISTRICT_ENCAMPMENT'
		OR PrereqDistrict='DISTRICT_AERODROME'
		OR BuildingType IN ('BUILDING_JNR_FREIGHT_YARD', 'BUILDING_COAL_POWER_PLANT', 'BUILDING_FOSSIL_FUEL_POWER_PLANT', 'BUILDING_POWER_PLANT', 'BUILDING_JNR_RENEWABLE_DISTRIBUTION');

INSERT OR IGNORE INTO ModifierArguments
		(ModifierId,											Name,			Value)
SELECT	'THIRDALTERNATIVE_CULTURE_' || BuildingType || '_JNR',	'YieldType',	'YIELD_CULTURE'
FROM	Buildings
WHERE	PrereqDistrict='DISTRICT_ENCAMPMENT'
		OR PrereqDistrict='DISTRICT_AERODROME'
		OR BuildingType IN ('BUILDING_JNR_FREIGHT_YARD', 'BUILDING_COAL_POWER_PLANT', 'BUILDING_FOSSIL_FUEL_POWER_PLANT', 'BUILDING_POWER_PLANT', 'BUILDING_JNR_RENEWABLE_DISTRIBUTION');

INSERT OR IGNORE INTO ModifierArguments
		(ModifierId,											Name,			Value)
SELECT	'THIRDALTERNATIVE_CULTURE_' || BuildingType || '_JNR',	'Amount',		1
FROM	Buildings
WHERE	PrereqDistrict='DISTRICT_ENCAMPMENT'
		OR PrereqDistrict='DISTRICT_AERODROME'
		OR BuildingType IN ('BUILDING_JNR_FREIGHT_YARD', 'BUILDING_COAL_POWER_PLANT', 'BUILDING_FOSSIL_FUEL_POWER_PLANT', 'BUILDING_POWER_PLANT', 'BUILDING_JNR_RENEWABLE_DISTRIBUTION');

INSERT OR IGNORE INTO ModifierArguments
		(ModifierId,											Name,			Value)
SELECT	'THIRDALTERNATIVE_GOLD_' || BuildingType || '_JNR',		'BuildingType',	BuildingType
FROM	Buildings
WHERE	PrereqDistrict='DISTRICT_ENCAMPMENT'
		OR PrereqDistrict='DISTRICT_AERODROME'
		OR BuildingType IN ('BUILDING_JNR_FREIGHT_YARD', 'BUILDING_COAL_POWER_PLANT', 'BUILDING_FOSSIL_FUEL_POWER_PLANT', 'BUILDING_POWER_PLANT', 'BUILDING_JNR_RENEWABLE_DISTRIBUTION');

INSERT OR IGNORE INTO ModifierArguments
		(ModifierId,											Name,			Value)
SELECT	'THIRDALTERNATIVE_GOLD_' || BuildingType || '_JNR',		'YieldType',	'YIELD_GOLD'
FROM	Buildings
WHERE	PrereqDistrict='DISTRICT_ENCAMPMENT'
		OR PrereqDistrict='DISTRICT_AERODROME'
		OR BuildingType IN ('BUILDING_JNR_FREIGHT_YARD', 'BUILDING_COAL_POWER_PLANT', 'BUILDING_FOSSIL_FUEL_POWER_PLANT', 'BUILDING_POWER_PLANT', 'BUILDING_JNR_RENEWABLE_DISTRIBUTION');

INSERT OR IGNORE INTO ModifierArguments
		(ModifierId,											Name,			Value)
SELECT	'THIRDALTERNATIVE_GOLD_' || BuildingType || '_JNR',		'Amount',		2
FROM	Buildings
WHERE	PrereqDistrict='DISTRICT_ENCAMPMENT'
		OR PrereqDistrict='DISTRICT_AERODROME'
		OR BuildingType IN ('BUILDING_JNR_FREIGHT_YARD', 'BUILDING_COAL_POWER_PLANT', 'BUILDING_FOSSIL_FUEL_POWER_PLANT', 'BUILDING_POWER_PLANT', 'BUILDING_JNR_RENEWABLE_DISTRIBUTION');
--------------------------------------------------------------

-- PolicyModifiers
--------------------------------------------------------------
INSERT OR IGNORE INTO PolicyModifiers
		(PolicyType,					ModifierId)
VALUES	('POLICY_JNR_STANDARDIZATION',	'STANDARDIZATION_HIGH_ADJACENCY_WATER_MILL_JNR'),
		('POLICY_JNR_STANDARDIZATION',	'STANDARDIZATION_HIGH_ADJACENCY_WIND_MILL_JNR'),
		('POLICY_JNR_STANDARDIZATION',	'STANDARDIZATION_HIGH_ADJACENCY_WORKSHOP_JNR'),
		('POLICY_JNR_STANDARDIZATION',	'STANDARDIZATION_HIGH_ADJACENCY_MANUFACTURY_JNR'),
		('POLICY_JNR_STANDARDIZATION',	'STANDARDIZATION_HIGH_ADJACENCY_FACTORY_JNR'),
		('POLICY_JNR_STANDARDIZATION',	'STANDARDIZATION_HIGH_ADJACENCY_CHEMICAL_JNR'),
		('POLICY_JNR_STANDARDIZATION',	'STANDARDIZATION_HIGH_ADJACENCY_COAL_JNR'),
		('POLICY_JNR_STANDARDIZATION',	'STANDARDIZATION_HIGH_ADJACENCY_OIL_JNR'),
		('POLICY_JNR_STANDARDIZATION',	'STANDARDIZATION_HIGH_ADJACENCY_URANIUM_JNR'),
		('POLICY_JNR_STANDARDIZATION',	'STANDARDIZATION_HIGH_ADJACENCY_FREIGHT_JNR'),
		('POLICY_JNR_STANDARDIZATION',	'STANDARDIZATION_HIGH_POP_WATER_MILL_JNR'),
		('POLICY_JNR_STANDARDIZATION',	'STANDARDIZATION_HIGH_POP_WIND_MILL_JNR'),
		('POLICY_JNR_STANDARDIZATION',	'STANDARDIZATION_HIGH_POP_WORKSHOP_JNR'),
		('POLICY_JNR_STANDARDIZATION',	'STANDARDIZATION_HIGH_POP_MANUFACTURY_JNR'),
		('POLICY_JNR_STANDARDIZATION',	'STANDARDIZATION_HIGH_POP_FACTORY_JNR'),
		('POLICY_JNR_STANDARDIZATION',	'STANDARDIZATION_HIGH_POP_CHEMICAL_JNR'),
		('POLICY_JNR_STANDARDIZATION',	'STANDARDIZATION_HIGH_POP_COAL_JNR'),
		('POLICY_JNR_STANDARDIZATION',	'STANDARDIZATION_HIGH_POP_OIL_JNR'),
		('POLICY_JNR_STANDARDIZATION',	'STANDARDIZATION_HIGH_POP_URANIUM_JNR'),
		('POLICY_JNR_STANDARDIZATION',	'STANDARDIZATION_HIGH_POP_FREIGHT_JNR');

INSERT OR IGNORE INTO PolicyModifiers
		(PolicyType,	ModifierId)
SELECT	'POLICY_JNR_STANDARDIZATION',	'STANDARDIZATION_HIGH_ADJACENCY_RENEWABLE_JNR'
FROM	Buildings
WHERE	BuildingType='BUILDING_JNR_RENEWABLE_DISTRIBUTION';

INSERT OR IGNORE INTO PolicyModifiers
		(PolicyType,	ModifierId)
SELECT	'POLICY_JNR_STANDARDIZATION',	'STANDARDIZATION_HIGH_POP_RENEWABLE_JNR'
FROM	Buildings
WHERE	BuildingType='BUILDING_JNR_RENEWABLE_DISTRIBUTION';

DELETE FROM PolicyModifiers WHERE PolicyType='POLICY_THIRD_ALTERNATIVE';

INSERT OR IGNORE INTO PolicyModifiers
		(PolicyType,	ModifierId)
SELECT	a.PolicyType,	'THIRDALTERNATIVE_CULTURE_' || b.BuildingType || '_JNR'
FROM	Policies a, Buildings b
WHERE	a.PolicyType='POLICY_THIRD_ALTERNATIVE'
		AND b.PrereqDistrict IN ('DISTRICT_ENCAMPMENT', 'DISTRICT_AERODROME');

INSERT OR IGNORE INTO PolicyModifiers
		(PolicyType,	ModifierId)
SELECT	a.PolicyType,	'THIRDALTERNATIVE_CULTURE_' || b.BuildingType || '_JNR'
FROM	Policies a, Buildings b
WHERE	a.PolicyType='POLICY_THIRD_ALTERNATIVE'
		AND b.BuildingType IN ('BUILDING_JNR_FREIGHT_YARD', 'BUILDING_COAL_POWER_PLANT', 'BUILDING_FOSSIL_FUEL_POWER_PLANT', 'BUILDING_POWER_PLANT', 'BUILDING_JNR_RENEWABLE_DISTRIBUTION');

INSERT OR IGNORE INTO PolicyModifiers
		(PolicyType,	ModifierId)
SELECT	a.PolicyType,	'THIRDALTERNATIVE_GOLD_' || b.BuildingType || '_JNR'
FROM	Policies a, Buildings b
WHERE	a.PolicyType='POLICY_THIRD_ALTERNATIVE'
		AND b.PrereqDistrict IN ('DISTRICT_ENCAMPMENT', 'DISTRICT_AERODROME');

INSERT OR IGNORE INTO PolicyModifiers
		(PolicyType,	ModifierId)
SELECT	a.PolicyType,	'THIRDALTERNATIVE_GOLD_' || b.BuildingType || '_JNR'
FROM	Policies a, Buildings b
WHERE	a.PolicyType='POLICY_THIRD_ALTERNATIVE'
		AND b.BuildingType IN ('BUILDING_JNR_FREIGHT_YARD', 'BUILDING_COAL_POWER_PLANT', 'BUILDING_FOSSIL_FUEL_POWER_PLANT', 'BUILDING_POWER_PLANT', 'BUILDING_JNR_RENEWABLE_DISTRIBUTION');
--------------------------------------------------------------