-- UC_PRD_Bonuses_Yields
-- Author: JNR
--------------------------------------------------------------

-- Buildings
--------------------------------------------------------------
UPDATE Buildings SET RegionalRange=0 WHERE BuildingType='BUILDING_FACTORY';
UPDATE Buildings SET RegionalRange=6 WHERE BuildingType='BUILDING_COAL_POWER_PLANT';
UPDATE Buildings SET RegionalRange=6 WHERE BuildingType='BUILDING_FOSSIL_FUEL_POWER_PLANT';
UPDATE Buildings SET RegionalRange=9 WHERE BuildingType='BUILDING_POWER_PLANT';
UPDATE Buildings SET RegionalRange=6 WHERE BuildingType='BUILDING_JNR_RENEWABLE_DISTRIBUTION';

UPDATE Buildings SET RegionalRange=6 WHERE BuildingType='BUILDING_JNR_MODE_MACHINES';
UPDATE Buildings SET RegionalRange=6 WHERE BuildingType='BUILDING_JNR_MODE_FERTILIZERS';
UPDATE Buildings SET RegionalRange=6 WHERE BuildingType='BUILDING_JNR_MODE_ELECTRONICS';
UPDATE Buildings SET RegionalRange=6 WHERE BuildingType='BUILDING_JNR_MODE_SOUVENIRS';
UPDATE Buildings SET RegionalRange=6 WHERE BuildingType='BUILDING_JNR_MODE_PHARMA';
UPDATE Buildings SET RegionalRange=6 WHERE BuildingType='BUILDING_JNR_MODE_PLASTICS';
--------------------------------------------------------------

-- Building_YieldChanges
--------------------------------------------------------------
INSERT OR IGNORE INTO Building_YieldChanges
		(BuildingType,						YieldType,			YieldChange)
VALUES	('BUILDING_JNR_WIND_MILL',			'YIELD_PRODUCTION',	1),
		('BUILDING_COAL_POWER_PLANT',		'YIELD_PRODUCTION',	3),
		('BUILDING_ELECTRONICS_FACTORY',	'YIELD_SCIENCE',	1),
		('BUILDING_JNR_MODE_MACHINES',		'YIELD_PRODUCTION',	2),
		('BUILDING_JNR_MODE_FERTILIZERS',	'YIELD_PRODUCTION',	2),
		('BUILDING_JNR_MODE_ELECTRONICS',	'YIELD_PRODUCTION',	2),
		('BUILDING_JNR_MODE_SOUVENIRS',		'YIELD_PRODUCTION',	2),
		('BUILDING_JNR_MODE_PHARMA',		'YIELD_PRODUCTION',	2),
		('BUILDING_JNR_MODE_PLASTICS',		'YIELD_PRODUCTION',	2);

UPDATE Building_YieldChanges SET YieldChange=1 WHERE BuildingType='BUILDING_WORKSHOP'					AND YieldType='YIELD_PRODUCTION';
UPDATE Building_YieldChanges SET YieldChange=4 WHERE BuildingType='BUILDING_FOSSIL_FUEL_POWER_PLANT'	AND YieldType='YIELD_PRODUCTION';
UPDATE Building_YieldChanges SET YieldChange=5 WHERE BuildingType='BUILDING_POWER_PLANT'				AND YieldType='YIELD_PRODUCTION';
UPDATE Building_YieldChanges SET YieldChange=6 WHERE BuildingType='BUILDING_JNR_RENEWABLE_DISTRIBUTION'	AND YieldType='YIELD_PRODUCTION';

UPDATE Building_YieldChanges SET YieldChange=1 WHERE BuildingType='BUILDING_ELECTRONICS_FACTORY'		AND YieldType='YIELD_CULTURE';

DELETE FROM Building_YieldChanges WHERE BuildingType='BUILDING_WATER_MILL'								AND YieldType='YIELD_FOOD';
DELETE FROM Building_YieldChanges WHERE BuildingType='BUILDING_WATER_MILL'								AND YieldType='YIELD_PRODUCTION';
DELETE FROM Building_YieldChanges WHERE BuildingType='BUILDING_FACTORY'									AND YieldType='YIELD_PRODUCTION';
DELETE FROM Building_YieldChanges WHERE BuildingType='BUILDING_ELECTRONICS_FACTORY'						AND YieldType='YIELD_PRODUCTION';
DELETE FROM Building_YieldChanges WHERE BuildingType='BUILDING_POWER_PLANT'								AND YieldType='YIELD_SCIENCE';
DELETE FROM Building_YieldChanges WHERE BuildingType='BUILDING_JNR_RENEWABLE_DISTRIBUTION'				AND YieldType='YIELD_SCIENCE';
DELETE FROM Building_YieldChanges WHERE BuildingType='BUILDING_JNR_RENEWABLE_DISTRIBUTION'				AND YieldType='YIELD_CULTURE';
--------------------------------------------------------------

-- Building_CitizenYieldChanges
--------------------------------------------------------------
INSERT OR IGNORE INTO Building_CitizenYieldChanges
		(BuildingType,						YieldType,			YieldChange)
VALUES	('BUILDING_JNR_MANUFACTURY',		'YIELD_PRODUCTION',	1),
		('BUILDING_FACTORY',				'YIELD_PRODUCTION',	1),
		('BUILDING_JNR_CHEMICAL',			'YIELD_PRODUCTION',	1),
		('BUILDING_JNR_FREIGHT_YARD',		'YIELD_PRODUCTION',	1),
		('BUILDING_ELECTRONICS_FACTORY',	'YIELD_PRODUCTION',	1),
		('BUILDING_JNR_MODE_MACHINES',		'YIELD_PRODUCTION',	1),
		('BUILDING_JNR_MODE_FERTILIZERS',	'YIELD_PRODUCTION',	1),
		('BUILDING_JNR_MODE_ELECTRONICS',	'YIELD_PRODUCTION',	1),
		('BUILDING_JNR_MODE_SOUVENIRS',		'YIELD_PRODUCTION',	1),
		('BUILDING_JNR_MODE_PHARMA',		'YIELD_PRODUCTION',	1),
		('BUILDING_JNR_MODE_PLASTICS',		'YIELD_PRODUCTION',	1);
--------------------------------------------------------------

-- Building_YieldChangesBonusWithPower
--------------------------------------------------------------
DELETE FROM Building_YieldChangesBonusWithPower WHERE BuildingType='BUILDING_ELECTRONICS_FACTORY' AND YieldType='YIELD_PRODUCTION';

INSERT OR IGNORE INTO Building_YieldChangesBonusWithPower
		(BuildingType,				YieldType,			YieldChange)
SELECT	'BUILDING_JNR_CHEMICAL',	'YIELD_PRODUCTION',	YieldChange
FROM	Building_YieldChangesBonusWithPower
WHERE	BuildingType='BUILDING_FACTORY' AND YieldType='YIELD_PRODUCTION';

INSERT OR IGNORE INTO Building_YieldChangesBonusWithPower
		(BuildingType,						YieldType,			YieldChange)
VALUES	('BUILDING_ELECTRONICS_FACTORY',	'YIELD_CULTURE',	2),
		('BUILDING_ELECTRONICS_FACTORY',	'YIELD_SCIENCE',	2),
		('BUILDING_JNR_MODE_MACHINES',		'YIELD_PRODUCTION',	2),
		('BUILDING_JNR_MODE_FERTILIZERS',	'YIELD_FOOD',		2),
		('BUILDING_JNR_MODE_ELECTRONICS',	'YIELD_SCIENCE',	2),
		('BUILDING_JNR_MODE_SOUVENIRS',		'YIELD_CULTURE',	2),
		('BUILDING_JNR_MODE_PHARMA',		'YIELD_FAITH',		2),
		('BUILDING_JNR_MODE_PLASTICS',		'YIELD_GOLD',		4);
--------------------------------------------------------------

-- Building_YieldDistrictCopies
--------------------------------------------------------------
DELETE FROM Building_YieldDistrictCopies WHERE BuildingType='BUILDING_COAL_POWER_PLANT';

INSERT OR IGNORE INTO Building_YieldDistrictCopies
		(BuildingType,						OldYieldType,		NewYieldType)
VALUES	('BUILDING_JNR_FREIGHT_YARD',		'YIELD_PRODUCTION',	'YIELD_PRODUCTION'),
		('BUILDING_ELECTRONICS_FACTORY',	'YIELD_PRODUCTION',	'YIELD_PRODUCTION');
--------------------------------------------------------------

-- Requirements
--------------------------------------------------------------
INSERT OR IGNORE INTO Requirements
		(RequirementId,								RequirementType)
VALUES	('REQUIRES_CITY_HAS_1_TITLE_GOVERNOR_JNR',	'REQUIREMENT_CITY_HAS_GOVERNOR_WITH_X_TITLES'),
		('REQUIRES_CITY_HAS_3_TITLE_GOVERNOR_JNR',	'REQUIREMENT_CITY_HAS_GOVERNOR_WITH_X_TITLES'),
		('REQUIRES_CITY_HAS_4_TITLE_GOVERNOR_JNR',	'REQUIREMENT_CITY_HAS_GOVERNOR_WITH_X_TITLES'),
		('REQUIRES_CITY_HAS_5_TITLE_GOVERNOR_JNR',	'REQUIREMENT_CITY_HAS_GOVERNOR_WITH_X_TITLES'),
		('REQUIRES_CITY_HAS_6_TITLE_GOVERNOR_JNR',	'REQUIREMENT_CITY_HAS_GOVERNOR_WITH_X_TITLES');
--------------------------------------------------------------

-- RequirementArguments
--------------------------------------------------------------
INSERT OR IGNORE INTO RequirementArguments
		(RequirementId,								Name,				Value)
VALUES	('REQUIRES_CITY_HAS_1_TITLE_GOVERNOR_JNR',	'Established',		1),
		('REQUIRES_CITY_HAS_1_TITLE_GOVERNOR_JNR',	'Amount',			1),
		('REQUIRES_CITY_HAS_3_TITLE_GOVERNOR_JNR',	'Established',		1),
		('REQUIRES_CITY_HAS_3_TITLE_GOVERNOR_JNR',	'Amount',			3),
		('REQUIRES_CITY_HAS_4_TITLE_GOVERNOR_JNR',	'Established',		1),
		('REQUIRES_CITY_HAS_4_TITLE_GOVERNOR_JNR',	'Amount',			4),
		('REQUIRES_CITY_HAS_5_TITLE_GOVERNOR_JNR',	'Established',		1),
		('REQUIRES_CITY_HAS_5_TITLE_GOVERNOR_JNR',	'Amount',			5),
		('REQUIRES_CITY_HAS_6_TITLE_GOVERNOR_JNR',	'Established',		1),
		('REQUIRES_CITY_HAS_6_TITLE_GOVERNOR_JNR',	'Amount',			6);
--------------------------------------------------------------

-- RequirementSets
--------------------------------------------------------------
INSERT OR IGNORE INTO RequirementSets
		(RequirementSetId,								RequirementSetType)
VALUES	('CITY_HAS_1_TITLE_GOVERNOR_REQUIREMENTS_JNR',	'REQUIREMENTSET_TEST_ALL'),
		('CITY_HAS_3_TITLE_GOVERNOR_REQUIREMENTS_JNR',	'REQUIREMENTSET_TEST_ALL'),
		('CITY_HAS_4_TITLE_GOVERNOR_REQUIREMENTS_JNR',	'REQUIREMENTSET_TEST_ALL'),
		('CITY_HAS_5_TITLE_GOVERNOR_REQUIREMENTS_JNR',	'REQUIREMENTSET_TEST_ALL'),
		('CITY_HAS_6_TITLE_GOVERNOR_REQUIREMENTS_JNR',	'REQUIREMENTSET_TEST_ALL');
--------------------------------------------------------------

-- RequirementSetRequirements
--------------------------------------------------------------
INSERT OR IGNORE INTO RequirementSetRequirements
		(RequirementSetId,								RequirementId)
VALUES	('CITY_HAS_1_TITLE_GOVERNOR_REQUIREMENTS_JNR',	'REQUIRES_CITY_HAS_1_TITLE_GOVERNOR_JNR'),
		('CITY_HAS_3_TITLE_GOVERNOR_REQUIREMENTS_JNR',	'REQUIRES_CITY_HAS_3_TITLE_GOVERNOR_JNR'),
		('CITY_HAS_4_TITLE_GOVERNOR_REQUIREMENTS_JNR',	'REQUIRES_CITY_HAS_4_TITLE_GOVERNOR_JNR'),
		('CITY_HAS_5_TITLE_GOVERNOR_REQUIREMENTS_JNR',	'REQUIRES_CITY_HAS_5_TITLE_GOVERNOR_JNR'),
		('CITY_HAS_6_TITLE_GOVERNOR_REQUIREMENTS_JNR',	'REQUIRES_CITY_HAS_6_TITLE_GOVERNOR_JNR');
--------------------------------------------------------------

-- Types
--------------------------------------------------------------
INSERT OR IGNORE INTO Types
		(Type,												Kind)
VALUES	('MODIFIER_JNR_SINGLE_CITY_IMPROVEMENT_ADJACENCY',	'KIND_MODIFIER');
--------------------------------------------------------------

-- DynamicModifiers
--------------------------------------------------------------
INSERT OR IGNORE INTO DynamicModifiers
		(ModifierType,										CollectionType,		EffectType)
VALUES	('MODIFIER_JNR_SINGLE_CITY_IMPROVEMENT_ADJACENCY',	'COLLECTION_OWNER',	'EFFECT_IMPROVEMENT_ADJACENCY');
--------------------------------------------------------------

-- Modifiers
--------------------------------------------------------------
INSERT OR IGNORE INTO Modifiers
		(ModifierId,							ModifierType,												SubjectRequirementSetId)
VALUES	('JNR_WATER_MILL_PRODUCTION_BASE',		'MODIFIER_PLAYER_DISTRICT_ADJUST_BASE_YIELD_CHANGE',		NULL),
		('JNR_WATER_MILL_PRODUCTION_RIVER',		'MODIFIER_BUILDING_YIELD_CHANGE',							NULL),
		('JNR_WIND_MILL_PRODUCTION_HILLS',		'MODIFIER_PLAYER_DISTRICT_ADJUST_BASE_YIELD_CHANGE',		'BALKAN_CAVALRY_PLOT_IS_HILS_REQUIREMENTS'),
		('JNR_WIND_MILL_PRODUCTION_COAST',		'MODIFIER_PLAYER_DISTRICT_ADJUST_BASE_YIELD_CHANGE',		'BALKAN_CAVALRY_PLOT_IS_HILS_REQUIREMENTS'),
		('JNR_WORKSHOP_PRODUCTION_1_TITLE',		'MODIFIER_BUILDING_YIELD_CHANGE',							'CITY_HAS_1_TITLE_GOVERNOR_REQUIREMENTS_JNR'),
		('JNR_WORKSHOP_PRODUCTION_2_TITLE',		'MODIFIER_BUILDING_YIELD_CHANGE',							'CITY_HAS_2_TITLE_GOVERNOR_REQUIREMENTS'),
		('JNR_WORKSHOP_PRODUCTION_3_TITLE',		'MODIFIER_BUILDING_YIELD_CHANGE',							'CITY_HAS_3_TITLE_GOVERNOR_REQUIREMENTS_JNR'),
		('JNR_WORKSHOP_PRODUCTION_4_TITLE',		'MODIFIER_BUILDING_YIELD_CHANGE',							'CITY_HAS_4_TITLE_GOVERNOR_REQUIREMENTS_JNR'),
		('JNR_WORKSHOP_PRODUCTION_5_TITLE',		'MODIFIER_BUILDING_YIELD_CHANGE',							'CITY_HAS_5_TITLE_GOVERNOR_REQUIREMENTS_JNR'),
		('JNR_WORKSHOP_PRODUCTION_6_TITLE',		'MODIFIER_BUILDING_YIELD_CHANGE',							'CITY_HAS_6_TITLE_GOVERNOR_REQUIREMENTS_JNR'),
		('JNR_FACTORY_PRODUCTION_POPULATION',	'MODIFIER_SINGLE_CITY_ADJUST_CITY_YIELD_PER_POPULATION',	NULL),
		('JNR_FACTORY_PRODUCTION_POPULATION',	'MODIFIER_SINGLE_CITY_ADJUST_CITY_YIELD_PER_POPULATION',	NULL),
		('JNR_CHEMICAL_PRODUCTION_HORSES',		'MODIFIER_SINGLE_CITY_ADJUST_CITY_YIELD_MODIFIER',			'CITY_HAS_IMPROVED_HORSES'),
		('JNR_CHEMICAL_PRODUCTION_IRON',		'MODIFIER_SINGLE_CITY_ADJUST_CITY_YIELD_MODIFIER',			'CITY_HAS_IMPROVED_IRON'),
		('JNR_CHEMICAL_PRODUCTION_NITER',		'MODIFIER_SINGLE_CITY_ADJUST_CITY_YIELD_MODIFIER',			'CITY_HAS_IMPROVED_NITER'),
		('JNR_CHEMICAL_PRODUCTION_COAL',		'MODIFIER_SINGLE_CITY_ADJUST_CITY_YIELD_MODIFIER',			'CITY_HAS_IMPROVED_COAL'),
		('JNR_CHEMICAL_PRODUCTION_OIL',			'MODIFIER_SINGLE_CITY_ADJUST_CITY_YIELD_MODIFIER',			'CITY_HAS_IMPROVED_OIL'),
		('JNR_CHEMICAL_PRODUCTION_URANIUM',		'MODIFIER_SINGLE_CITY_ADJUST_CITY_YIELD_MODIFIER',			'CITY_HAS_IMPROVED_URANIUM'),
		('JNR_CHEMICAL_PRODUCTION_ALUMINUM',	'MODIFIER_SINGLE_CITY_ADJUST_CITY_YIELD_MODIFIER',			'CITY_HAS_IMPROVED_ALUMINUM');
--------------------------------------------------------------

-- ModifierArguments
--------------------------------------------------------------
INSERT OR IGNORE INTO ModifierArguments
		(ModifierId,							Name,			Value)
VALUES	('JNR_WATER_MILL_PRODUCTION_BASE',		'YieldType',	'YIELD_PRODUCTION'),
		('JNR_WATER_MILL_PRODUCTION_BASE',		'Amount',		1),
		('JNR_WIND_MILL_PRODUCTION_HILLS',		'YieldType',	'YIELD_PRODUCTION'),
		('JNR_WIND_MILL_PRODUCTION_HILLS',		'Amount',		1),
		('JNR_WATER_MILL_PRODUCTION_RIVER',		'BuildingType',	'BUILDING_WATER_MILL'),
		('JNR_WATER_MILL_PRODUCTION_RIVER',		'YieldType',	'YIELD_PRODUCTION'),
		('JNR_WATER_MILL_PRODUCTION_RIVER',		'Amount',		1),
		('JNR_WORKSHOP_PRODUCTION_1_TITLE',		'BuildingType',	'BUILDING_WORKSHOP'),
		('JNR_WORKSHOP_PRODUCTION_1_TITLE',		'YieldType',	'YIELD_PRODUCTION'),
		('JNR_WORKSHOP_PRODUCTION_1_TITLE',		'Amount',		1),
		('JNR_WORKSHOP_PRODUCTION_2_TITLE',		'BuildingType',	'BUILDING_WORKSHOP'),
		('JNR_WORKSHOP_PRODUCTION_2_TITLE',		'YieldType',	'YIELD_PRODUCTION'),
		('JNR_WORKSHOP_PRODUCTION_2_TITLE',		'Amount',		1),
		('JNR_WORKSHOP_PRODUCTION_3_TITLE',		'BuildingType',	'BUILDING_WORKSHOP'),
		('JNR_WORKSHOP_PRODUCTION_3_TITLE',		'YieldType',	'YIELD_PRODUCTION'),
		('JNR_WORKSHOP_PRODUCTION_3_TITLE',		'Amount',		1),
		('JNR_WORKSHOP_PRODUCTION_4_TITLE',		'BuildingType',	'BUILDING_WORKSHOP'),
		('JNR_WORKSHOP_PRODUCTION_4_TITLE',		'YieldType',	'YIELD_PRODUCTION'),
		('JNR_WORKSHOP_PRODUCTION_4_TITLE',		'Amount',		1),
		('JNR_WORKSHOP_PRODUCTION_5_TITLE',		'BuildingType',	'BUILDING_WORKSHOP'),
		('JNR_WORKSHOP_PRODUCTION_5_TITLE',		'YieldType',	'YIELD_PRODUCTION'),
		('JNR_WORKSHOP_PRODUCTION_5_TITLE',		'Amount',		1),
		('JNR_WORKSHOP_PRODUCTION_6_TITLE',		'BuildingType',	'BUILDING_WORKSHOP'),
		('JNR_WORKSHOP_PRODUCTION_6_TITLE',		'YieldType',	'YIELD_PRODUCTION'),
		('JNR_WORKSHOP_PRODUCTION_6_TITLE',		'Amount',		1),
		('JNR_FACTORY_PRODUCTION_POPULATION',	'YieldType',	'YIELD_PRODUCTION'),
		('JNR_FACTORY_PRODUCTION_POPULATION',	'Amount',		0.3),
		('JNR_CHEMICAL_PRODUCTION_HORSES',		'YieldType',	'YIELD_PRODUCTION'),
		('JNR_CHEMICAL_PRODUCTION_HORSES',		'Amount',		5),
		('JNR_CHEMICAL_PRODUCTION_IRON',		'YieldType',	'YIELD_PRODUCTION'),
		('JNR_CHEMICAL_PRODUCTION_IRON',		'Amount',		5),
		('JNR_CHEMICAL_PRODUCTION_NITER',		'YieldType',	'YIELD_PRODUCTION'),
		('JNR_CHEMICAL_PRODUCTION_NITER',		'Amount',		5),
		('JNR_CHEMICAL_PRODUCTION_COAL',		'YieldType',	'YIELD_PRODUCTION'),
		('JNR_CHEMICAL_PRODUCTION_COAL',		'Amount',		5),
		('JNR_CHEMICAL_PRODUCTION_OIL',			'YieldType',	'YIELD_PRODUCTION'),
		('JNR_CHEMICAL_PRODUCTION_OIL',			'Amount',		5),
		('JNR_CHEMICAL_PRODUCTION_URANIUM',		'YieldType',	'YIELD_PRODUCTION'),
		('JNR_CHEMICAL_PRODUCTION_URANIUM',		'Amount',		5),
		('JNR_CHEMICAL_PRODUCTION_ALUMINUM',	'YieldType',	'YIELD_PRODUCTION'),
		('JNR_CHEMICAL_PRODUCTION_ALUMINUM',	'Amount',		5);
--------------------------------------------------------------

-- BuildingModifiers
--------------------------------------------------------------
UPDATE BuildingModifiers SET BuildingType='BUILDING_GRANARY' WHERE BuildingType='BUILDING_WATER_MILL' AND ModifierId='WATERMILL_ADDRICEFOOD';
UPDATE BuildingModifiers SET BuildingType='BUILDING_GRANARY' WHERE BuildingType='BUILDING_WATER_MILL' AND ModifierId='WATERMILL_ADDWHEATYIELD';
UPDATE BuildingModifiers SET BuildingType='BUILDING_GRANARY' WHERE BuildingType='BUILDING_WATER_MILL' AND ModifierId='WATERMILL_ADDMAIZEYIELD';

DELETE FROM BuildingModifiers WHERE BuildingType='BUILDING_ELECTRONICS_FACTORY' AND ModifierId='ELECTRONICSFACTORY_CULTURE';

INSERT OR IGNORE INTO BuildingModifiers
		(BuildingType,				ModifierId)
VALUES	('BUILDING_WATER_MILL',		'JNR_WATER_MILL_PRODUCTION_BASE'),
		('BUILDING_JNR_WIND_MILL',	'JNR_WIND_MILL_PRODUCTION_HILLS'),
		('BUILDING_WORKSHOP',		'JNR_WORKSHOP_PRODUCTION_1_TITLE'),
		('BUILDING_WORKSHOP',		'JNR_WORKSHOP_PRODUCTION_2_TITLE'),
		('BUILDING_WORKSHOP',		'JNR_WORKSHOP_PRODUCTION_3_TITLE'),
		('BUILDING_WORKSHOP',		'JNR_WORKSHOP_PRODUCTION_4_TITLE'),
		('BUILDING_WORKSHOP',		'JNR_WORKSHOP_PRODUCTION_5_TITLE'),
		('BUILDING_WORKSHOP',		'JNR_WORKSHOP_PRODUCTION_6_TITLE'),
		('BUILDING_FACTORY',		'JNR_FACTORY_PRODUCTION_POPULATION'),
		('BUILDING_JNR_CHEMICAL',	'JNR_CHEMICAL_PRODUCTION_HORSES'),
		('BUILDING_JNR_CHEMICAL',	'JNR_CHEMICAL_PRODUCTION_IRON'),
		('BUILDING_JNR_CHEMICAL',	'JNR_CHEMICAL_PRODUCTION_NITER'),
		('BUILDING_JNR_CHEMICAL',	'JNR_CHEMICAL_PRODUCTION_COAL'),
		('BUILDING_JNR_CHEMICAL',	'JNR_CHEMICAL_PRODUCTION_OIL'),
		('BUILDING_JNR_CHEMICAL',	'JNR_CHEMICAL_PRODUCTION_URANIUM'),
		('BUILDING_JNR_CHEMICAL',	'JNR_CHEMICAL_PRODUCTION_ALUMINUM');
--------------------------------------------------------------

-- DistrictModifiers
--------------------------------------------------------------
INSERT OR IGNORE INTO DistrictModifiers
		(DistrictType,	ModifierId)
SELECT	DistrictType,	'JNR_WATER_MILL_PRODUCTION_RIVER'
FROM	Districts
WHERE	RequiresPopulation=1;
--------------------------------------------------------------